Name,Description,Status,Level,Latitude,Longitude,PlaceID,ExpectedStability
1!585cde931b0142cc9a1325009bedc65e00010001,"A-Lab, LAB 001",ACTIVE,0,52.384108999999995,4.902952,ChIJb_cUabQJxkcRWeyGqaefkT4,STABLE
1!585cde931b0142cc9a1325009bedc65e00010002,"A-Lab, LAB 002",ACTIVE,0,52.384031,4.903066,ChIJb_cUabQJxkcRWeyGqaefkT4,STABLE
1!585cde931b0142cc9a1325009bedc65e00010003,"A-Lab, LAB 003",ACTIVE,0,52.383989,4.90314,ChIJb_cUabQJxkcRWeyGqaefkT4,STABLE
1!585cde931b0142cc9a1325009bedc65e00010004,"A-Lab, LAB 004",ACTIVE,0,52.384049,4.903271,ChIJb_cUabQJxkcRWeyGqaefkT4,STABLE
1!585cde931b0142cc9a1325009bedc65e00010005,"A-Lab, LAB 005",ACTIVE,0,52.384082,4.903341999999999,ChIJb_cUabQJxkcRWeyGqaefkT4,STABLE
1!585cde931b0142cc9a1325009bedc65e00010006,"A-Lab, LAB 006",ACTIVE,0,52.384145,4.9034819999999995,ChIJb_cUabQJxkcRWeyGqaefkT4,STABLE
1!585cde931b0142cc9a1325009bedc65e00010007,"A-Lab, LAB 007",ACTIVE,0,52.38417,4.903366999999999,ChIJb_cUabQJxkcRWeyGqaefkT4,STABLE
1!585cde931b0142cc9a1325009bedc65e00010008,"A-Lab, LAB 008",ACTIVE,0,52.384209,4.903321,ChIJb_cUabQJxkcRWeyGqaefkT4,STABLE
1!585cde931b0142cc9a1325009bedc65e00010009,"A-Lab, LAB 009",ACTIVE,0,52.384195999999996,4.903257,ChIJb_cUabQJxkcRWeyGqaefkT4,STABLE
1!585cde931b0142cc9a1325009bedc65e0001000a,"A-Lab, LAB 010",ACTIVE,0,52.384164999999996,4.903185,ChIJb_cUabQJxkcRWeyGqaefkT4,STABLE
1!585cde931b0142cc9a1325009bedc65e0001000b,"A-Lab, LAB 011",ACTIVE,0,52.384136,4.903123,ChIJb_cUabQJxkcRWeyGqaefkT4,STABLE
1!585cde931b0142cc9a1325009bedc65e0001000c,"A-Lab, LAB 012",ACTIVE,0,52.384195999999996,4.903257,ChIJb_cUabQJxkcRWeyGqaefkT4,STABLE
1!585cde931b0142cc9a1325009bedc65e00020065,"A-Lab, LAB 101",ACTIVE,1,52.384108999999995,4.902952,ChIJb_cUabQJxkcRWeyGqaefkT4,STABLE
1!585cde931b0142cc9a1325009bedc65e00020066,"A-Lab, LAB 102",ACTIVE,1,52.384031,4.903066,ChIJb_cUabQJxkcRWeyGqaefkT4,STABLE
1!585cde931b0142cc9a1325009bedc65e00020067,"A-Lab, LAB 103",ACTIVE,1,52.383989,4.90314,ChIJb_cUabQJxkcRWeyGqaefkT4,STABLE
1!585cde931b0142cc9a1325009bedc65e00020068,"A-Lab, LAB 104",ACTIVE,1,52.384049,4.903271,ChIJb_cUabQJxkcRWeyGqaefkT4,STABLE
1!585cde931b0142cc9a1325009bedc65e00020069,"A-Lab, LAB 105",ACTIVE,1,52.384082,4.903341999999999,ChIJb_cUabQJxkcRWeyGqaefkT4,STABLE
1!585cde931b0142cc9a1325009bedc65e0002006a,"A-Lab, LAB 106",ACTIVE,1,52.384145,4.9034819999999995,ChIJb_cUabQJxkcRWeyGqaefkT4,STABLE
1!585cde931b0142cc9a1325009bedc65e0002006b,"A-Lab, LAB 107",ACTIVE,1,52.38417,4.903366999999999,ChIJb_cUabQJxkcRWeyGqaefkT4,STABLE
1!585cde931b0142cc9a1325009bedc65e0002006c,"A-Lab, LAB 108",ACTIVE,1,52.384209,4.903321,ChIJb_cUabQJxkcRWeyGqaefkT4,STABLE
1!585cde931b0142cc9a1325009bedc65e0002006d,"A-Lab, LAB 109",ACTIVE,1,52.384195999999996,4.903257,ChIJb_cUabQJxkcRWeyGqaefkT4,STABLE
1!585cde931b0142cc9a1325009bedc65e0002006e,"A-Lab, LAB 110",ACTIVE,1,52.384164999999996,4.903185,ChIJb_cUabQJxkcRWeyGqaefkT4,STABLE
1!585cde931b0142cc9a1325009bedc65e0002006f,"A-Lab, LAB 111",ACTIVE,1,52.384136,4.903123,ChIJb_cUabQJxkcRWeyGqaefkT4,STABLE
1!585cde931b0142cc9a1325009bedc65e00020070,"A-Lab, LAB 112",ACTIVE,1,52.384195999999996,4.903257,ChIJb_cUabQJxkcRWeyGqaefkT4,STABLE
1!585cde931b0142cc9a1325009bedc65e000300c9,"A-Lab, LAB 201",ACTIVE,2,52.384108999999995,4.902952,ChIJb_cUabQJxkcRWeyGqaefkT4,STABLE
1!585cde931b0142cc9a1325009bedc65e000300ca,"A-Lab, LAB 202",ACTIVE,2,52.384031,4.903066,ChIJb_cUabQJxkcRWeyGqaefkT4,STABLE
1!585cde931b0142cc9a1325009bedc65e000300cb,"A-Lab, LAB 203",ACTIVE,2,52.383989,4.90314,ChIJb_cUabQJxkcRWeyGqaefkT4,STABLE
1!585cde931b0142cc9a1325009bedc65e000300cc,"A-Lab, LAB 204",ACTIVE,2,52.384049,4.903271,ChIJb_cUabQJxkcRWeyGqaefkT4,STABLE
1!585cde931b0142cc9a1325009bedc65e000300cd,"A-Lab, LAB 205",ACTIVE,2,52.384082,4.903341999999999,ChIJb_cUabQJxkcRWeyGqaefkT4,STABLE
1!585cde931b0142cc9a1325009bedc65e000300ce,"A-Lab, LAB 206",ACTIVE,2,52.384145,4.9034819999999995,ChIJb_cUabQJxkcRWeyGqaefkT4,STABLE
1!585cde931b0142cc9a1325009bedc65e000300cf,"A-Lab, LAB 207",ACTIVE,2,52.38417,4.903366999999999,ChIJb_cUabQJxkcRWeyGqaefkT4,STABLE
1!585cde931b0142cc9a1325009bedc65e000300d0,"A-Lab, LAB 208",ACTIVE,2,52.384209,4.903321,ChIJb_cUabQJxkcRWeyGqaefkT4,STABLE
1!585cde931b0142cc9a1325009bedc65e000300d1,"A-Lab, LAB 209",ACTIVE,2,52.384195999999996,4.903257,ChIJb_cUabQJxkcRWeyGqaefkT4,STABLE
1!585cde931b0142cc9a1325009bedc65e000300d2,"A-Lab, LAB 210",ACTIVE,2,52.384164999999996,4.903185,ChIJb_cUabQJxkcRWeyGqaefkT4,STABLE
1!585cde931b0142cc9a1325009bedc65e000300d3,"A-Lab, LAB 211",ACTIVE,2,52.384136,4.903123,ChIJb_cUabQJxkcRWeyGqaefkT4,STABLE
1!585cde931b0142cc9a1325009bedc65e000300d4,"A-Lab, LAB 212",ACTIVE,2,52.384195999999996,4.903257,ChIJb_cUabQJxkcRWeyGqaefkT4,STABLE
3!88a09a8df53b5571762c00000018b6f6,"JCD-ASD1012-126 Stationsplein",ACTIVE,,52.377821,4.9010472,ChIJXxPjZbcJxkcRNqk0ZCMmYPM,STABLE
3!88a09a8df53b5571762c00000018b885,"JCD-ASD1015-020 Marnixplein",ACTIVE,,52.3784479,4.8782438,ChIJGw_XmNAJxkcRFnzY0pgzsCs,STABLE
3!88a09a8df53b5571762c00000018fb51,"JCD-ASD1013-056 Westerdoksdijk thv nr. 411 t/m 421",ACTIVE,,52.384959699999996,4.8930912,ChIJhThovMsJxkcRvNjy2QONuP0,STABLE
3!88a09a8df53b5571762c00000019044d,"JCD-ASD1013-002 Westerdoksdijk nr. 45",ACTIVE,,52.3890137,4.8915215,ChIJi9umWTMIxkcRYdxBauVP6ek,STABLE
3!88a09a8df53b5571762c000000197595,"JCD-ASD1012-009 Damrak nr.9 nr. 98",ACTIVE,,52.37349340000001,4.893537600000001,ChIJo1N_PccJxkcR5usTAcZeqP8,STABLE
3!88a09a8df53b5571762c000000197596,"JCD-ASD1012-009 Damrak nr.9 nr. 98",ACTIVE,,52.37349340000001,4.893537600000001,ChIJo1N_PccJxkcR5usTAcZeqP8,STABLE
3!88a09a8df53b5571762c0000001975f9,"JCD-ASD1012-010 Damrak nr. 95",ACTIVE,,52.373619999999995,4.893710899999999,ChIJo1N_PccJxkcR5usTAcZeqP8,STABLE
3!88a09a8df53b5571762c0000001975fa,"JCD-ASD1012-010 Damrak nr. 95",ACTIVE,,52.373619999999995,4.893710899999999,ChIJo1N_PccJxkcR5usTAcZeqP8,STABLE
3!88a09a8df53b5571762c00000019b1bd,"JCD-ASD1012-131 Damrak Voor het beursplein",ACTIVE,,52.3745082,4.8950222,ChIJFZvrg8cJxkcRY27Gws6ZCAw,STABLE
3!88a09a8df53b5571762c00000019b1be,"JCD-ASD1012-131 Damrak Voor het beursplein",ACTIVE,,52.3745082,4.8950222,ChIJFZvrg8cJxkcRY27Gws6ZCAw,STABLE
3!88a09a8df53b5571762c0000001b3669,"JCD-ASD1013-068 Westerdoksdijk nabij nr. 40",ACTIVE,,52.388093999999995,4.8923787999999995,ChIJxfSzsjQIxkcR-uZsCV8a2bg,STABLE
3!88a09a8df53b5571762c0000001b366a,"JCD-ASD1013-068 Westerdoksdijk nabij nr. 40",ACTIVE,,52.388093999999995,4.8923787999999995,ChIJxfSzsjQIxkcR-uZsCV8a2bg,STABLE
3!88a09a8df53b5571762c0000001b7809,"JCD-ASD1012-139 Rokin nr. 98",ACTIVE,,52.3695503,4.8920848999999995,ChIJ877gVcAJxkcR0Xt1jYDGnuo,STABLE
3!88a09a8df53b5571762c0000001b780a,"JCD-ASD1012-139 Rokin nr. 98",ACTIVE,,52.3695503,4.8920848999999995,ChIJ877gVcAJxkcR0Xt1jYDGnuo,STABLE
3!88a09a8df53b5571762c0000001889a6,"JCD-ASD1012-033 Prins Hendrikkade nr. 37 (NZH Busstation)",ACTIVE,,52.377746699999996,4.8975577,ChIJxVM-8rcJxkcRmA6CfDPKZOA,STABLE
3!88a09a8df53b5571762c000000188eb9,"JCD-ASD1019-031 Piet Heinkade Muziekgebouw",ACTIVE,,52.3772235,4.9135287,ChIJUc4leK8JxkcRymnJW8VYKJw,STABLE
3!88a09a8df53b5571762c000000188eba,"JCD-ASD1019-031 Piet Heinkade Muziekgebouw",ACTIVE,,52.3772235,4.9135287,ChIJUc4leK8JxkcRymnJW8VYKJw,STABLE
3!88a09a8df53b5571762c000000188f1d,"JCD-ASD1019-047 Piet Heinkade Muziekgebouw",ACTIVE,,52.3772295,4.9134772,ChIJUc4leK8JxkcRymnJW8VYKJw,STABLE
3!88a09a8df53b5571762c000000188f1e,"JCD-ASD1019-047 Piet Heinkade Muziekgebouw",ACTIVE,,52.3772295,4.9134772,ChIJUc4leK8JxkcRymnJW8VYKJw,STABLE
3!88a09a8df53b5571762c000000189369,"JCD-ASD1019-038 Piet Heinkade Muziekgebouw",ACTIVE,,52.377241899999994,4.9126188,ChIJUc4leK8JxkcRymnJW8VYKJw,STABLE
3!88a09a8df53b5571762c00000018936a,"JCD-ASD1019-038 Piet Heinkade Muziekgebouw",ACTIVE,,52.377241899999994,4.9126188,ChIJUc4leK8JxkcRymnJW8VYKJw,STABLE
3!88a09a8df53b5571762c0000001893cd,"JCD-ASD1019-051 Piet Heinkade",ACTIVE,,52.3772448,4.9125878,ChIJUc4leK8JxkcRymnJW8VYKJw,STABLE
3!88a09a8df53b5571762c0000001893ce,"JCD-ASD1019-051 Piet Heinkade",ACTIVE,,52.3772448,4.9125878,ChIJUc4leK8JxkcRymnJW8VYKJw,STABLE
3!88a09a8df53b5571762c00000018a115,"JCD-ASD1017-015 Vijzelgracht",ACTIVE,,52.360169199999994,4.891124899999999,ChIJe0_9kuwJxkcRrWMkLMFEGIg,STABLE
3!88a09a8df53b5571762c00000018a116,"JCD-ASD1017-015 Vijzelgracht",ACTIVE,,52.360169199999994,4.891124899999999,ChIJe0_9kuwJxkcRrWMkLMFEGIg,STABLE
3!88a09a8df53b5571762c00000018a179,"JCD-ASD1016-003 Raadhuisstraat",ACTIVE,,52.3731685,4.8899846,ChIJ2Wf8u8YJxkcR38Q69sLKrOU,STABLE
3!88a09a8df53b5571762c00000018a17a,"JCD-ASD1016-003 Raadhuisstraat",ACTIVE,,52.3731685,4.8899846,ChIJ2Wf8u8YJxkcR38Q69sLKrOU,STABLE
3!88a09a8df53b5571762c00000018a1dd,"JCD-ASD1017-022 Weteringschans Weteringscircuit",ACTIVE,,52.3590332,4.890559100000001,ChIJO-_n_OwJxkcR7uiIYBNUGgY,STABLE
3!88a09a8df53b5571762c00000018a1de,"JCD-ASD1017-022 Weteringschans Weteringscircuit",ACTIVE,,52.3590332,4.890559100000001,ChIJO-_n_OwJxkcR7uiIYBNUGgY,STABLE
3!88a09a8df53b5571762c00000018a241,"JCD-ASD1017-032 Weteringschans nr. 273",ACTIVE,,52.3594429,4.898,ChIJNyycuJMJxkcRwzjp_X8UWv0,STABLE
3!88a09a8df53b5571762c00000018a242,"JCD-ASD1017-032 Weteringschans nr. 273",ACTIVE,,52.3594429,4.898,ChIJNyycuJMJxkcRwzjp_X8UWv0,STABLE
3!88a09a8df53b5571762c00000018a36d,"JCD-ASD1018-050 Sarphatistraat",ACTIVE,,52.36675590000001,4.9244461,ChIJ2aqq3woJxkcRDgiJTzkO60s,STABLE
3!88a09a8df53b5571762c00000018a36e,"JCD-ASD1018-050 Sarphatistraat",ACTIVE,,52.36675590000001,4.9244461,ChIJ2aqq3woJxkcRDgiJTzkO60s,STABLE
3!88a09a8df53b5571762c00000018a4fd,"JCD-ASD1017-001 Koningsplein nr. 5",ACTIVE,,52.3670463,4.8892367,ChIJ_fUa4cEJxkcRZzZ3fescUz0,STABLE
3!88a09a8df53b5571762c00000018a4fe,"JCD-ASD1017-001 Koningsplein nr. 5",ACTIVE,,52.3670463,4.8892367,ChIJ_fUa4cEJxkcRZzZ3fescUz0,STABLE
3!88a09a8df53b5571762c00000018a561,"JCD-ASD1017-042 Koningsplein nr. 10",ACTIVE,,52.3669783,4.8887801,ChIJ_fUa4cEJxkcRZzZ3fescUz0,STABLE
3!88a09a8df53b5571762c00000018a562,"JCD-ASD1017-042 Koningsplein nr. 10",ACTIVE,,52.3669783,4.8887801,ChIJ_fUa4cEJxkcRZzZ3fescUz0,STABLE
3!88a09a8df53b5571762c00000018a5c5,"JCD-ASD1012-043 Stationsplein",ACTIVE,,52.3782894,4.8993144,ChIJOz03mrcJxkcRHtCdiznxuGw,STABLE
3!88a09a8df53b5571762c00000018a5c6,"JCD-ASD1012-043 Stationsplein",ACTIVE,,52.3782894,4.8993144,ChIJOz03mrcJxkcRHtCdiznxuGw,STABLE
3!88a09a8df53b5571762c00000018a68d,"JCD-ASD1017-030 Weteringschans nr.165",ACTIVE,,52.3595372,4.8919438,ChIJb_FJxewJxkcRGQkOA0xg4RQ,STABLE
3!88a09a8df53b5571762c00000018a68e,"JCD-ASD1017-030 Weteringschans nr.165",ACTIVE,,52.3595372,4.8919438,ChIJb_FJxewJxkcRGQkOA0xg4RQ,STABLE
3!88a09a8df53b5571762c00000018a81d,"JCD-ASD1018-043 Sarphatistraat nr. 65",ACTIVE,,52.3610294,4.9071438,ChIJi_nTVJcJxkcR1sktanZ3Yu8,STABLE
3!88a09a8df53b5571762c00000018a81e,"JCD-ASD1018-043 Sarphatistraat nr. 65",ACTIVE,,52.3610294,4.9071438,ChIJi_nTVJcJxkcR1sktanZ3Yu8,STABLE
3!88a09a8df53b5571762c00000018a881,"JCD-ASD1018-045 Sarphatistraat nr. 59",ACTIVE,,52.3609589,4.9068106,ChIJi_nTVJcJxkcR1sktanZ3Yu8,STABLE
3!88a09a8df53b5571762c00000018a882,"JCD-ASD1018-045 Sarphatistraat nr. 59",ACTIVE,,52.3609589,4.9068106,ChIJi_nTVJcJxkcR1sktanZ3Yu8,STABLE
3!88a09a8df53b5571762c00000018a8e5,"JCD-ASD1012-118 Prins Hendrikkade",ACTIVE,,52.3780936,4.897700599999999,ChIJ5XG-7bcJxkcRbdRcnMsOiSM,STABLE
3!88a09a8df53b5571762c00000018a8e6,"JCD-ASD1012-118 Prins Hendrikkade",ACTIVE,,52.3780936,4.897700599999999,ChIJ5XG-7bcJxkcRbdRcnMsOiSM,STABLE
3!88a09a8df53b5571762c00000018a949,"JCD-ASD1012-119 Prins Hendrikkade",ACTIVE,,52.377965599999996,4.8979539,ChIJ5XG-7bcJxkcRbdRcnMsOiSM,STABLE
3!88a09a8df53b5571762c00000018a94a,"JCD-ASD1012-119 Prins Hendrikkade",ACTIVE,,52.377965599999996,4.8979539,ChIJ5XG-7bcJxkcRbdRcnMsOiSM,STABLE
3!88a09a8df53b5571762c00000018a9ad,"JCD-ASD1012-120 Prins Hendrikkade",ACTIVE,,52.377824999999994,4.8981661999999995,ChIJQ2yk8rcJxkcRLMqJkpp0WR0,STABLE
3!88a09a8df53b5571762c00000018a9ae,"JCD-ASD1012-120 Prins Hendrikkade",ACTIVE,,52.377824999999994,4.8981661999999995,ChIJQ2yk8rcJxkcRLMqJkpp0WR0,STABLE
3!88a09a8df53b5571762c00000018b439,"JCD-ASD1017-004 Leidseplein nr. 26",ACTIVE,,52.363915899999995,4.8825227,ChIJP71Z7egJxkcRu62zVE0LYAc,STABLE
3!88a09a8df53b5571762c00000018b43a,"JCD-ASD1017-004 Leidseplein nr. 26",ACTIVE,,52.363915899999995,4.8825227,ChIJP71Z7egJxkcRu62zVE0LYAc,STABLE
3!88a09a8df53b5571762c00000018b49d,"JCD-ASD1012-047 Stationsplein",ACTIVE,,52.3778772,4.9009336,ChIJXxPjZbcJxkcRNqk0ZCMmYPM,STABLE
3!88a09a8df53b5571762c00000018b49e,"JCD-ASD1012-047 Stationsplein",ACTIVE,,52.3778772,4.9009336,ChIJXxPjZbcJxkcRNqk0ZCMmYPM,STABLE
3!88a09a8df53b5571762c00000018b501,"JCD-ASD1012-001 Stationsplein",ACTIVE,,52.37775,4.9013667,ChIJXxPjZbcJxkcRNqk0ZCMmYPM,STABLE
3!88a09a8df53b5571762c00000018b502,"JCD-ASD1012-001 Stationsplein",ACTIVE,,52.37775,4.9013667,ChIJXxPjZbcJxkcRNqk0ZCMmYPM,STABLE
3!88a09a8df53b5571762c00000018b5c9,"JCD-ASD1012-044 Stationsplein",ACTIVE,,52.3777153,4.9013363000000005,ChIJXxPjZbcJxkcRNqk0ZCMmYPM,STABLE
3!88a09a8df53b5571762c00000018b5ca,"JCD-ASD1012-044 Stationsplein",ACTIVE,,52.3777153,4.9013363000000005,ChIJXxPjZbcJxkcRNqk0ZCMmYPM,STABLE
3!88a09a8df53b5571762c00000018b62d,"JCD-ASD1012-125 Stationsplein",ACTIVE,,52.377714999999995,4.9012899999999995,ChIJXxPjZbcJxkcRNqk0ZCMmYPM,STABLE
3!88a09a8df53b5571762c00000018b62e,"JCD-ASD1012-125 Stationsplein",ACTIVE,,52.377714999999995,4.9012899999999995,ChIJXxPjZbcJxkcRNqk0ZCMmYPM,STABLE
3!88a09a8df53b5571762c00000018b691,"JCD-ASD1012-045 Stationsplein (oost)",ACTIVE,,52.3778212,4.9010831999999995,ChIJXxPjZbcJxkcRNqk0ZCMmYPM,STABLE
3!88a09a8df53b5571762c00000018b692,"JCD-ASD1012-045 Stationsplein (oost)",ACTIVE,,52.3778212,4.9010831999999995,ChIJXxPjZbcJxkcRNqk0ZCMmYPM,STABLE
3!88a09a8df53b5571762c00000018b6f5,"JCD-ASD1012-126 Stationsplein",ACTIVE,,52.377821,4.9010472,ChIJXxPjZbcJxkcRNqk0ZCMmYPM,STABLE
3!88a09a8df53b5571762c0000000ab1e5,"JCD-ASD1018-028 Sarphatistraat 498",ACTIVE,,52.363464500000006,4.9193856,ChIJb2Pf0Z8JxkcRdKAV31HGx38,STABLE
3!88a09a8df53b5571762c0000000ab249,"JCD-ASD1018-029 Alexanderplein",ACTIVE,,52.363502499999996,4.9194571,ChIJj_LbyJ8JxkcRF05NRg2_zSw,STABLE
3!88a09a8df53b5571762c0000000ab2ad,"JCD-ASD1016-012 Rozengracht t/o nr. 233",ACTIVE,,52.3723976,4.8765401,ChIJm2xmBNwJxkcRiF5OmseNM6g,STABLE
3!88a09a8df53b5571762c0000000ab311,"JCD-ASD1012-104 Nieuwezijds Voorburgwal t/o nr. 336",ACTIVE,,52.3693095,4.8893648999999995,ChIJbQfnmsEJxkcRQgbEr0Fl8Ls,STABLE
3!88a09a8df53b5571762c0000000ab3d9,"JCD-ASD1017-077 Vijzelgracht t/o nr. 52",ACTIVE,,52.3592302,4.8903698,ChIJO-_n_OwJxkcR7uiIYBNUGgY,STABLE
3!88a09a8df53b5571762c0000000ae255,"JCD-ASD1013-041 Barentszplein",ACTIVE,,52.389398,4.8916355,ChIJARJ4XjMIxkcRyMAAjLGCxQk,STABLE
3!88a09a8df53b5571762c0000000b60e5,"JCD-ASD1012-097 Prins Hendrikkade t/o nr. 74",ACTIVE,,52.376962400000004,4.9009623,ChIJezKi1rkJxkcRyLIdXL7exGc,STABLE
3!88a09a8df53b5571762c0000000b7f5d,"JCD-ASD1011-011 Waterlooplein t/o nr 319",ACTIVE,,52.367105300000006,4.9020857,ChIJayOQ7r0JxkcR3TkpnEc-XkA,STABLE
3!88a09a8df53b5571762c0000000b7f5e,"JCD-ASD1011-011 Waterlooplein t/o nr 319",ACTIVE,,52.367105300000006,4.9020857,ChIJayOQ7r0JxkcR3TkpnEc-XkA,STABLE
3!88a09a8df53b5571762c0000000b81b5,"JCD-ASD1012-050 Stationsplein",ACTIVE,,52.3782703,4.899253,ChIJOz03mrcJxkcRHtCdiznxuGw,STABLE
3!88a09a8df53b5571762c0000000b81b6,"JCD-ASD1012-050 Stationsplein",ACTIVE,,52.3782703,4.899253,ChIJOz03mrcJxkcRHtCdiznxuGw,STABLE
3!88a09a8df53b5571762c0000000b8219,"JCD-ASD1012-039 Stationsplein",ACTIVE,,52.378260499999996,4.8991811,ChIJOz03mrcJxkcRHtCdiznxuGw,STABLE
3!88a09a8df53b5571762c0000000b821a,"JCD-ASD1012-039 Stationsplein",ACTIVE,,52.378260499999996,4.8991811,ChIJOz03mrcJxkcRHtCdiznxuGw,STABLE
3!88a09a8df53b5571762c0000000b8c41,"JCD-ASD1017-037 Marnixstraat nr. 260",ACTIVE,,52.3683116,4.8783427,ChIJz69Ad90JxkcR0PpP6hBk-ac,STABLE
3!88a09a8df53b5571762c0000000b8c42,"JCD-ASD1017-037 Marnixstraat nr. 260",ACTIVE,,52.3683116,4.8783427,ChIJz69Ad90JxkcR0PpP6hBk-ac,STABLE
3!88a09a8df53b5571762c0000000b8d09,"JCD-ASD1017-040 Rembrandtplein",ACTIVE,,52.3663185,4.8966644,ChIJRWJQZ5UJxkcRjY52q5lCaqI,STABLE
3!88a09a8df53b5571762c0000000b8d0a,"JCD-ASD1017-040 Rembrandtplein",ACTIVE,,52.3663185,4.8966644,ChIJRWJQZ5UJxkcRjY52q5lCaqI,STABLE
3!88a09a8df53b5571762c0000000b8dd1,"JCD-ASD1016-020 Westermarkt t/o nr. 25",ACTIVE,,52.374080500000005,4.8839007,ChIJVT6O68QJxkcR1GJsgXt5tfk,STABLE
3!88a09a8df53b5571762c0000000b8dd2,"JCD-ASD1016-020 Westermarkt t/o nr. 25",ACTIVE,,52.374080500000005,4.8839007,ChIJVT6O68QJxkcR1GJsgXt5tfk,STABLE
3!88a09a8df53b5571762c0000000b8e35,"JCD-ASD1016-021 Westermarkt nr. 9",ACTIVE,,52.373996500000004,4.8841278,ChIJVT6O68QJxkcR1GJsgXt5tfk,STABLE
3!88a09a8df53b5571762c0000000b8e36,"JCD-ASD1016-021 Westermarkt nr. 9",ACTIVE,,52.373996500000004,4.8841278,ChIJVT6O68QJxkcR1GJsgXt5tfk,STABLE
3!88a09a8df53b5571762c0000000b9281,"JCD-ASD1017-058 Utrechtsestraat (op brug)",ACTIVE,,52.3638356,4.8983802,ChIJsVKWspUJxkcRo-jZJnqnvDc,STABLE
3!88a09a8df53b5571762c0000000b92e5,"JCD-ASD1017-057 Utrechtsestraat (op brug)",ACTIVE,,52.36380990000001,4.898272599999999,ChIJ3XOuTZQJxkcR3iQxylVdRwE,STABLE
3!88a09a8df53b5571762c0000000b9349,"JCD-ASD1017-034 Utrechtsestraat (op brug)",ACTIVE,,52.362123399999994,4.8989129,ChIJH-g3EpQJxkcRDTK-uws13gg,STABLE
3!88a09a8df53b5571762c0000000b9ca9,"JCD-ASD1017-044 Utrechtsestraat (op brug)",ACTIVE,,52.3621427,4.8990309,ChIJrQOKFJQJxkcR9nq3OnGQmIk,STABLE
3!88a09a8df53b5571762c0000000b9d0d,"JCD-ASD1013-025 Haarlemmerplein t/o nr. 78-80",ACTIVE,,52.384896399999995,4.8834139,ChIJK0wobNIJxkcRTTrvDq-rcJU,STABLE
3!88a09a8df53b5571762c00000018716d,"JCD-ASD1017-051 Leidsestraat",ACTIVE,,52.3650489,4.8844351999999995,ChIJY-corekJxkcRwkE6Q_mpTnw,STABLE
3!88a09a8df53b5571762c0000001871d1,"JCD-ASD1017-052 Leidsestraat",ACTIVE,,52.364992699999995,4.884518,ChIJY-corekJxkcRwkE6Q_mpTnw,STABLE
3!88a09a8df53b5571762c000000187235,"JCD-ASD1017-053 Leidsestraat",ACTIVE,,52.3659933,4.886435,ChIJw8OY7ukJxkcR99MTHWPIDXM,STABLE
3!88a09a8df53b5571762c000000187299,"JCD-ASD1017-054 Leidsestraat",ACTIVE,,52.3659338,4.8865128,ChIJw8OY7ukJxkcR99MTHWPIDXM,STABLE
3!88a09a8df53b5571762c0000001872fd,"JCD-ASD1013-039 De Ruyterkade",ACTIVE,,52.3807992,4.8992138999999995,ChIJMUfcWrYJxkcREV6IQJl5jEw,STABLE
3!88a09a8df53b5571762c000000187811,"JCD-ASD1017-055 Westeinde nr. 26",ACTIVE,,52.3580999,4.8992042,ChIJV1DRKJIJxkcR_9G6Jnf6LSY,STABLE
3!88a09a8df53b5571762c000000187875,"JCD-ASD1017-056 Westeinde",ACTIVE,,52.358112899999995,4.8993017,ChIJV1DRKJIJxkcR_9G6Jnf6LSY,STABLE
3!88a09a8df53b5571762c000000187ded,"JCD-ASD1012-028 Nieuwezijds Voorburgwal nr. 163",ACTIVE,,52.3722328,4.890712,ChIJL6YTysYJxkcR4QblyxpFQd0,STABLE
3!88a09a8df53b5571762c000000187e51,"JCD-ASD1012-103 Nieuwezijds Voorburgwal nr. 153",ACTIVE,,52.3724121,4.8907099999999994,ChIJL6YTysYJxkcR4QblyxpFQd0,STABLE
3!88a09a8df53b5571762c000000187eb5,"JCD-ASD1017-059 Frederiksplein",ACTIVE,,52.360183,4.899362399999999,ChIJh6-w5ZMJxkcRpN_PA9ttXq4,STABLE
3!88a09a8df53b5571762c00000018842d,"JCD-ASD1012-008 Mozes en Aaronstraat nr. 4",ACTIVE,,52.3735716,4.891532199999999,ChIJP13E6cYJxkcRxOCd6mbKGz0,STABLE
3!88a09a8df53b5571762c00000018842e,"JCD-ASD1012-008 Mozes en Aaronstraat nr. 4",ACTIVE,,52.3735716,4.891532199999999,ChIJP13E6cYJxkcRxOCd6mbKGz0,STABLE
3!88a09a8df53b5571762c0000001884f5,"JCD-ASD1012-025 Nieuwezijds Voorburgwal nr. 78",ACTIVE,,52.3759364,4.8930589,ChIJryOotMcJxkcRI-237SeYzig,STABLE
3!88a09a8df53b5571762c0000001884f6,"JCD-ASD1012-025 Nieuwezijds Voorburgwal nr. 78",ACTIVE,,52.3759364,4.8930589,ChIJryOotMcJxkcRI-237SeYzig,STABLE
3!88a09a8df53b5571762c000000188559,"JCD-ASD1012-046 Nieuwezijds Voorburgwal nr. 182",ACTIVE,,52.3737154,4.8907631,ChIJW_oq68YJxkcRJCGnCKsiSWY,STABLE
3!88a09a8df53b5571762c00000018855a,"JCD-ASD1012-046 Nieuwezijds Voorburgwal nr. 182",ACTIVE,,52.3737154,4.8907631,ChIJW_oq68YJxkcRJCGnCKsiSWY,STABLE
3!88a09a8df53b5571762c0000001885bd,"JCD-ASD1017-014 Weteringschans t/o nr. 167",ACTIVE,,52.3594498,4.8920937,ChIJb_FJxewJxkcRGQkOA0xg4RQ,STABLE
3!88a09a8df53b5571762c0000001885be,"JCD-ASD1017-014 Weteringschans t/o nr. 167",ACTIVE,,52.3594498,4.8920937,ChIJb_FJxewJxkcRGQkOA0xg4RQ,STABLE
3!88a09a8df53b5571762c000000188621,"JCD-ASD1012-090 Nieuwezijds Voorburgwal nr. 180",ACTIVE,,52.373923399999995,4.8908686999999995,ChIJW_oq68YJxkcRJCGnCKsiSWY,STABLE
3!88a09a8df53b5571762c000000188622,"JCD-ASD1012-090 Nieuwezijds Voorburgwal nr. 180",ACTIVE,,52.373923399999995,4.8908686999999995,ChIJW_oq68YJxkcRJCGnCKsiSWY,STABLE
3!88a09a8df53b5571762c0000001886e9,"JCD-ASD1018-044 Sarphatistraat 64",ACTIVE,,52.3613358,4.909000499999999,ChIJyx-ompkJxkcRLKgD5d9RR3A,STABLE
3!88a09a8df53b5571762c0000001886ea,"JCD-ASD1018-044 Sarphatistraat 64",ACTIVE,,52.3613358,4.909000499999999,ChIJyx-ompkJxkcRLKgD5d9RR3A,STABLE
3!88a09a8df53b5571762c000000188815,"JCD-ASD1013-040 De Ruyterkade",ACTIVE,,52.3807948,4.8989261,ChIJl8BvRLYJxkcRyr0AWSNedCg,STABLE
3!88a09a8df53b5571762c0000001889a5,"JCD-ASD1012-033 Prins Hendrikkade nr. 37 (NZH Busstation)",ACTIVE,,52.377746699999996,4.8975577,ChIJxVM-8rcJxkcRmA6CfDPKZOA,STABLE
3!88a09a8df53b5571762c00000009e729,"JCD-ASD1015-022 Marnixstraat t/o nr. 105",ACTIVE,,52.3815216,4.8809451,ChIJi-gCptEJxkcRFyozjfJzL3A,STABLE
3!88a09a8df53b5571762c00000009e78d,"JCD-ASD1017-005 Leidseplein t/o nr. 28",ACTIVE,,52.3640425,4.882636499999999,ChIJP71Z7egJxkcRu62zVE0LYAc,STABLE
3!88a09a8df53b5571762c00000009e7f1,"JCD-ASD1013-020 Haarlemmerplein",ACTIVE,,52.3850738,4.883705,ChIJkwICcNIJxkcRd6ywdidhk7c,STABLE
3!88a09a8df53b5571762c00000009e855,"JCD-ASD1017-011 Weteringschans nr. 140",ACTIVE,,52.359402599999996,4.8981546,ChIJNyycuJMJxkcRwzjp_X8UWv0,STABLE
3!88a09a8df53b5571762c00000009e8b9,"JCD-ASD1017-012 Weteringschans nr. 136",ACTIVE,,52.3593639,4.8979238,ChIJNyycuJMJxkcRwzjp_X8UWv0,STABLE
3!88a09a8df53b5571762c00000009e91d,"JCD-ASD1018-049 Sarphatistraat",ACTIVE,,52.3667376,4.9245849999999995,ChIJ2aqq3woJxkcRDgiJTzkO60s,STABLE
3!88a09a8df53b5571762c00000009f9e9,"JCD-ASD1011-005 Prins Hendrikkade nr. 134",ACTIVE,,52.3738113,4.905772,ChIJMXxfB7sJxkcRNWVs-ZbGJJo,STABLE
3!88a09a8df53b5571762c00000009fe99,"JCD-ASD1012-038 Paleisstraat nr. 21",ACTIVE,,52.3726421,4.891051699999999,ChIJZ-gJz8YJxkcRxe8JsLc-Hvc,STABLE
3!88a09a8df53b5571762c0000000a0155,"JCD-ASD1011-009 Prins Hendrikkade nr. 143",ACTIVE,,52.3734209,4.906475200000001,ChIJlw44ELsJxkcRee1sf_J_AWs,STABLE
3!88a09a8df53b5571762c0000000a01b9,"JCD-ASD1016-002 Westermarkt t/o nr. 27",ACTIVE,,52.374088799999996,4.8836334,ChIJVT6O68QJxkcR1GJsgXt5tfk,STABLE
3!88a09a8df53b5571762c0000000a021d,"JCD-ASD1018-019 Sarphatistraat nr. 171",ACTIVE,,52.3624298,4.913919,ChIJk8UxM5kJxkcR8gqA3hBtkGs,STABLE
3!88a09a8df53b5571762c0000000a02e5,"JCD-ASD1015-017 Marnixstraat nr. 293-295",ACTIVE,,52.37433850000001,4.876521599999999,ChIJ12-a29sJxkcRYQKv1BVXI3Q,STABLE
3!88a09a8df53b5571762c0000000a0349,"JCD-ASD1016-016 Marnixstraat t/o nr. 295",ACTIVE,,52.3743506,4.876413599999999,ChIJbdoL3tsJxkcRv2j8z86DsJA,STABLE
3!88a09a8df53b5571762c0000000a03ad,"JCD-ASD1016-017 Marnixstraat t/o nr. 213",ACTIVE,,52.3787117,4.8792547,ChIJsVrOmtAJxkcRxKeOgjXZdPo,STABLE
3!88a09a8df53b5571762c0000000a0411,"JCD-ASD1012-056 Stationsplein",ACTIVE,,52.378141299999996,4.8992493,ChIJOz03mrcJxkcRHtCdiznxuGw,STABLE
3!88a09a8df53b5571762c0000000a0475,"JCD-ASD1016-022 Westermarkt nr. 7",ACTIVE,,52.3739945,4.884384799999999,ChIJVT6O68QJxkcR1GJsgXt5tfk,STABLE
3!88a09a8df53b5571762c0000000a04d9,"JCD-ASD1015-021 Marnixplein t/o nr. 213d",ACTIVE,,52.378610800000004,4.8791839,ChIJsVrOmtAJxkcRxKeOgjXZdPo,STABLE
3!88a09a8df53b5571762c0000000a053d,"JCD-ASD1017-079 Westeinde t/o nr. 26",ACTIVE,,52.358289000000006,4.8992740999999995,ChIJV1DRKJIJxkcR_9G6Jnf6LSY,STABLE
3!88a09a8df53b5571762c0000000a05a1,"JCD-ASD1018-048 Sarphatistraat",ACTIVE,,52.363958399999994,4.9193958,ChIJjVCzx58JxkcRi7tLT0z5z50,STABLE
3!88a09a8df53b5571762c0000000a0605,"JCD-ASD1011-039 Prins Hendrikkade t/o nr 134",ACTIVE,,52.3738362,4.9057255,ChIJMXxfB7sJxkcRNWVs-ZbGJJo,STABLE
3!88a09a8df53b5571762c0000000a0669,"JCD-ASD1011-040 Prins Hendrikkade nr 143",ACTIVE,,52.373399,4.906511399999999,ChIJlw44ELsJxkcRee1sf_J_AWs,STABLE
3!88a09a8df53b5571762c0000000a06cd,"JCD-ASD1017-081 Rembrandtplein",ACTIVE,,52.3663295,4.8962943,ChIJRWJQZ5UJxkcRjY52q5lCaqI,STABLE
3!88a09a8df53b5571762c0000000a7365,"JCD-ASD1018-018 Plantage Middenlaan nr. 49",ACTIVE,,52.365137,4.9155782,ChIJv1cnW58JxkcRQYoROhDSh6I,STABLE
3!88a09a8df53b5571762c0000000a73c9,"JCD-ASD1018-020 Plantage Middenlaan nr. 27",ACTIVE,,52.3667666,4.9108792999999995,ChIJj4u4iKIJxkcR4K1IQApYXBs,STABLE
3!88a09a8df53b5571762c0000000a742d,"JCD-ASD1018-021 Plantage Middenlaan nr. 26",ACTIVE,,52.3665076,4.9114217,ChIJu-rvfKIJxkcRB-telUPyEFQ,STABLE
3!88a09a8df53b5571762c0000000a7491,"JCD-ASD1018-022 Plantage Middenlaan nr. 22",ACTIVE,,52.3666195,4.9110813,ChIJu-rvfKIJxkcRB-telUPyEFQ,STABLE
3!88a09a8df53b5571762c0000000a74f5,"JCD-ASD1018-026 Plantage Middenlaan t/o nr. 22",ACTIVE,,52.366670199999994,4.911163,ChIJj4u4iKIJxkcR4K1IQApYXBs,STABLE
3!88a09a8df53b5571762c0000000a7559,"JCD-ASD1016-014 Rozengracht nr. 217",ACTIVE,,52.3724279,4.8769868999999995,ChIJ8f-JC9wJxkcRzVtKdGzAa-M,STABLE
3!88a09a8df53b5571762c0000000a75bd,"JCD-ASD1011-033 Waterlooplein t/o nr. 329",ACTIVE,,52.3669884,4.901968699999999,ChIJayOQ7r0JxkcR3TkpnEc-XkA,STABLE
3!88a09a8df53b5571762c0000000a9241,"JCD-ASD1012-003 Nieuwezijds Voorburgwal nr. 41",ACTIVE,,52.3761936,4.893642,ChIJ919-yMcJxkcRCSXeJOsP5N0,STABLE
3!88a09a8df53b5571762c0000000a936d,"JCD-ASD1012-111 Nieuwezijds Voorburgwal nr. 39",ACTIVE,,52.3762379,4.8937083,ChIJ919-yMcJxkcRCSXeJOsP5N0,STABLE
3!88a09a8df53b5571762c0000000a93d1,"JCD-ASD1012-027 Nieuwezijds Voorburgwal nr. 162",ACTIVE,,52.374387399999996,4.8912387,ChIJvU2T88YJxkcR4rKg8kdBg8Y,STABLE
3!88a09a8df53b5571762c0000000a9499,"JCD-ASD1012-036 Nieuwezijds Voorburgwal nr. 47",ACTIVE,,52.376123899999996,4.8935245,ChIJ919-yMcJxkcRCSXeJOsP5N0,STABLE
3!88a09a8df53b5571762c0000000a94fd,"JCD-ASD1012-037 Nieuwezijds Voorburgwal nr. 160",ACTIVE,,52.374431599999994,4.8912793,ChIJvU2T88YJxkcR4rKg8kdBg8Y,STABLE
3!88a09a8df53b5571762c0000000a9561,"JCD-ASD1012-048 Nieuwezijds Voorburgwal nr. 381",ACTIVE,,52.3691647,4.8893562,ChIJbQfnmsEJxkcRQgbEr0Fl8Ls,STABLE
3!88a09a8df53b5571762c0000000a95c5,"JCD-ASD1017-017 Weteringschans nr. 269",ACTIVE,,52.359400699999995,4.897681899999999,ChIJNyycuJMJxkcRwzjp_X8UWv0,STABLE
3!88a09a8df53b5571762c0000000a9629,"JCD-ASD1017-020 Vijzelgracht t/o nr. 50",ACTIVE,,52.3598764,4.891051099999999,ChIJe0_9kuwJxkcRrWMkLMFEGIg,STABLE
3!88a09a8df53b5571762c0000000a968d,"JCD-ASD1017-024 Sarphatistraat nr. 474",ACTIVE,,52.363309799999996,4.9184674,ChIJl1Fvtp8JxkcRoxhACXzakoU,STABLE
3!88a09a8df53b5571762c0000000aa119,"JCD-ASD1017-025 Sarphatistraat nr. 370 (voor politiebureau)",ACTIVE,,52.3626685,4.9154015,ChIJD9EhxJ4JxkcRXC0-rvYnPkM,STABLE
3!88a09a8df53b5571762c0000000aa17d,"JCD-ASD1017-029 Marnixstraat nr. 252",ACTIVE,,52.3693156,4.8775739,ChIJu1Ivst0JxkcRteejjMlxjJM,STABLE
3!88a09a8df53b5571762c0000000aa1e1,"JCD-ASD1015-012 Marnixstraat",ACTIVE,,52.3695485,4.877591799999999,ChIJu1Ivst0JxkcRteejjMlxjJM,STABLE
3!88a09a8df53b5571762c0000000aa439,"JCD-ASD1016-008 Marnixstraat nr. 252",ACTIVE,,52.3693909,4.8775268,ChIJu1Ivst0JxkcRteejjMlxjJM,STABLE
3!88a09a8df53b5571762c0000000aa565,"JCD-ASD1013-021 Haarlemmer Houttuinen t/o nr. 47",ACTIVE,,52.38166150000001,4.8913440999999995,ChIJe9thSMkJxkcRmZLKGYsqyjQ,STABLE
3!88a09a8df53b5571762c0000000aa5c9,"JCD-ASD1013-022 Haarlemmer Houttuinen t/o nr. 439-489",ACTIVE,,52.383301599999996,4.887876299999999,ChIJre98LMwJxkcRCVgNlNpnV-c,STABLE
3!88a09a8df53b5571762c0000000aae61,"JCD-ASD1013-023 Haarlemmer Houttuinen nr. 433",ACTIVE,,52.383119699999995,4.8880273999999995,ChIJpYeyKcwJxkcRHx3uZwdLjCk,STABLE
3!88a09a8df53b5571762c0000000aaec5,"JCD-ASD1015-016 Marnixstraat",ACTIVE,,52.369711599999995,4.8774717,ChIJu1Ivst0JxkcRteejjMlxjJM,STABLE
3!88a09a8df53b5571762c0000000aaf29,"JCD-ASD1016-011 Rozengracht t/o nr. 235",ACTIVE,,52.3723752,4.8764427,ChIJm2xmBNwJxkcRiF5OmseNM6g,STABLE
3!88a09a8df53b5571762c0000000aaf8d,"JCD-ASD1016-023 Rozengracht",ACTIVE,,52.3723238,4.8762069,ChIJm2xmBNwJxkcRiF5OmseNM6g,STABLE
3!88a09a8df53b5571762c0000000ab055,"JCD-ASD1013-026 Haarlemmer Houttuinen t/o nr. 39",ACTIVE,,52.3814924,4.8915258999999995,ChIJu3SCOMkJxkcRaTk9XacEERo,STABLE
3!88a09a8df53b5571762c0000000ab181,"JCD-ASD1016-019 Marnixstraat nr. 260",ACTIVE,,52.3681397,4.878473,ChIJz69Ad90JxkcR0PpP6hBk-ac,STABLE
1!1ed6a80b463a492fa1d9f11746acaa640018b6f6,"JCD-ASD1012-126 Stationsplein",ACTIVE,,52.377821,4.9010472,ChIJXxPjZbcJxkcRNqk0ZCMmYPM,STABLE
1!1ed6a80b463a492fa1d9f11746acaa640018b885,"JCD-ASD1015-020 Marnixplein",ACTIVE,,52.3784479,4.8782438,ChIJGw_XmNAJxkcRFnzY0pgzsCs,STABLE
1!1ed6a80b463a492fa1d9f11746acaa640018fb51,"JCD-ASD1013-056 Westerdoksdijk thv nr. 411 t/m 421",ACTIVE,,52.384959699999996,4.8930912,ChIJhThovMsJxkcRvNjy2QONuP0,STABLE
1!1ed6a80b463a492fa1d9f11746acaa640019044d,"JCD-ASD1013-002 Westerdoksdijk nr. 45",ACTIVE,,52.3890137,4.8915215,ChIJi9umWTMIxkcRYdxBauVP6ek,STABLE
1!1ed6a80b463a492fa1d9f11746acaa6400197595,"JCD-ASD1012-009 Damrak nr.9 nr. 98",ACTIVE,,52.37349340000001,4.893537600000001,ChIJo1N_PccJxkcR5usTAcZeqP8,STABLE
1!1ed6a80b463a492fa1d9f11746acaa6400197596,"JCD-ASD1012-009 Damrak nr.9 nr. 98",ACTIVE,,52.37349340000001,4.893537600000001,ChIJo1N_PccJxkcR5usTAcZeqP8,STABLE
1!1ed6a80b463a492fa1d9f11746acaa64001975f9,"JCD-ASD1012-010 Damrak nr. 95",ACTIVE,,52.373619999999995,4.893710899999999,ChIJo1N_PccJxkcR5usTAcZeqP8,STABLE
1!1ed6a80b463a492fa1d9f11746acaa64001975fa,"JCD-ASD1012-010 Damrak nr. 95",ACTIVE,,52.373619999999995,4.893710899999999,ChIJo1N_PccJxkcR5usTAcZeqP8,STABLE
1!1ed6a80b463a492fa1d9f11746acaa640019b1bd,"JCD-ASD1012-131 Damrak Voor het beursplein",ACTIVE,,52.3745082,4.8950222,ChIJFZvrg8cJxkcRY27Gws6ZCAw,STABLE
1!1ed6a80b463a492fa1d9f11746acaa640019b1be,"JCD-ASD1012-131 Damrak Voor het beursplein",ACTIVE,,52.3745082,4.8950222,ChIJFZvrg8cJxkcRY27Gws6ZCAw,STABLE
1!1ed6a80b463a492fa1d9f11746acaa64001b3669,"JCD-ASD1013-068 Westerdoksdijk nabij nr. 40",ACTIVE,,52.388093999999995,4.8923787999999995,ChIJxfSzsjQIxkcR-uZsCV8a2bg,STABLE
1!1ed6a80b463a492fa1d9f11746acaa64001b366a,"JCD-ASD1013-068 Westerdoksdijk nabij nr. 40",ACTIVE,,52.388093999999995,4.8923787999999995,ChIJxfSzsjQIxkcR-uZsCV8a2bg,STABLE
1!1ed6a80b463a492fa1d9f11746acaa64001b7809,"JCD-ASD1012-139 Rokin nr. 98",ACTIVE,,52.3695503,4.8920848999999995,ChIJ877gVcAJxkcR0Xt1jYDGnuo,STABLE
1!1ed6a80b463a492fa1d9f11746acaa64001b780a,"JCD-ASD1012-139 Rokin nr. 98",ACTIVE,,52.3695503,4.8920848999999995,ChIJ877gVcAJxkcR0Xt1jYDGnuo,STABLE
3!88a09a8df53b5571762c000000057289,"JCD-ASD1017-039 Rembrandtplein",ACTIVE,,52.366178999999995,4.8963987,ChIJ7Z5ae5UJxkcRjbYmCmQFAOw,STABLE
3!88a09a8df53b5571762c000000057351,"JCD-ASD1017-038 Rembrandtplein t/o nr. 17",ACTIVE,,52.3661678,4.8967483,ChIJ7Z5ae5UJxkcRjbYmCmQFAOw,STABLE
3!88a09a8df53b5571762c0000000573b5,"JCD-ASD1016-018 Marnixstraat t/o nr. 182",ACTIVE,,52.371886599999996,4.8759600999999995,ChIJ7x8NHNwJxkcRlz8UY2Q2F_Q,STABLE
3!88a09a8df53b5571762c000000057419,"JCD-ASD1013-024 Houtmankade t/o nr. 59",ACTIVE,,52.3881029,4.8847708,ChIJ_aGFqdIJxkcRtjF3rRuwo9c,STABLE
3!88a09a8df53b5571762c0000000574e1,"JCD-ASD1017-026 Frederiksplein nr. 42",ACTIVE,,52.3599583,4.8990257999999995,ChIJgbw66JMJxkcRyzAeYpoQBhc,STABLE
3!88a09a8df53b5571762c0000000576d5,"JCD-ASD1017-010 Weteringschans t/o nr. 99",ACTIVE,,52.360754199999995,4.8873584999999995,ChIJzctAGuwJxkcRqxrE_dihhdk,STABLE
3!88a09a8df53b5571762c000000057739,"JCD-ASD1016-001 Raadhuisstraat",ACTIVE,,52.3730963,4.8900163,ChIJocGgu8YJxkcR6MMqHEu6ZTk,STABLE
3!88a09a8df53b5571762c000000057d15,"JCD-ASD1011-003 Prins Hendrikkade t/o nr. 163",ACTIVE,,52.3723209,4.9094212,ChIJvdv2sKQJxkcRCc7rvvrSWQc,STABLE
3!88a09a8df53b5571762c000000057e41,"JCD-ASD1012-029 Nieuwezijds Voorburgwal nr. 338",ACTIVE,,52.3692995,4.8892468,ChIJbQfnmsEJxkcRQgbEr0Fl8Ls,STABLE
3!88a09a8df53b5571762c000000058099,"JCD-ASD1016-009 Marnixstraat t/o nr. 180",ACTIVE,,52.37195570000001,4.8759439,ChIJ7x8NHNwJxkcRlz8UY2Q2F_Q,STABLE
3!88a09a8df53b5571762c000000059165,"JCD-ASD1015-010 Marnixstraat",ACTIVE,,52.3691162,4.8772781,ChIJ_6_Fu90JxkcRIJY1nDa0IDY,STABLE
3!88a09a8df53b5571762c00000005cdf1,"JCD-ASD1016-028 Marnixstraat thv nr. 252",ACTIVE,,52.3692906,4.8771549,ChIJ_6_Fu90JxkcRIJY1nDa0IDY,STABLE
3!88a09a8df53b5571762c00000007768d,"JCD-ASD1016-029 Marnixstraat",ACTIVE,,52.3697107,4.8768834,ChIJe_A7tt0JxkcRJkE5alDxf6s,STABLE
3!88a09a8df53b5571762c00000009c721,"JCD-ASD1013-066 Westerdoksdijk 10m na Leliendaalstraat",ACTIVE,,52.385826099999996,4.893220299999999,ChIJQwSLCcsJxkcRIlisKRcCE2k,STABLE
3!88a09a8df53b5571762c00000009d3a1,"JCD-ASD1015-019 Marnixplein t/o nr. 12",ACTIVE,,52.3783735,4.878506799999999,ChIJGw_XmNAJxkcRFnzY0pgzsCs,STABLE
3!88a09a8df53b5571762c00000009d405,"JCD-ASD1015-018 Marnixplein nr. 2a",ACTIVE,,52.3779219,4.8788256,ChIJEfOandAJxkcRJgygOX5jyAg,STABLE
3!88a09a8df53b5571762c00000009d531,"JCD-ASD1017-016 Weteringschans nr. 91",ACTIVE,,52.3609549,4.887207200000001,ChIJdXQZqO4JxkcRqLVT_QadUQs,STABLE
3!88a09a8df53b5571762c00000009d595,"JCD-ASD1017-041 Koningsplein nr. 16",ACTIVE,,52.3669497,4.888693,ChIJ_fUa4cEJxkcRZzZ3fescUz0,STABLE
3!88a09a8df53b5571762c00000009d5f9,"JCD-ASD1017-043 Koningsplein nr. 11",ACTIVE,,52.367075,4.8893289,ChIJ_fUa4cEJxkcRZzZ3fescUz0,STABLE
3!88a09a8df53b5571762c00000009d65d,"JCD-ASD1013-019 Haarlemmerplein",ACTIVE,,52.3849759,4.8836238,ChIJkwICcNIJxkcRd6ywdidhk7c,STABLE
3!88a09a8df53b5571762c00000009d6c1,"JCD-ASD1012-055 Stationsplein",ACTIVE,,52.378235,4.8990991,ChIJOz03mrcJxkcRHtCdiznxuGw,STABLE
3!88a09a8df53b5571762c00000009d725,"JCD-ASD1012-054 Stationsplein",ACTIVE,,52.3781252,4.899162,ChIJOz03mrcJxkcRHtCdiznxuGw,STABLE
3!88a09a8df53b5571762c00000009d789,"JCD-ASD1011-008 Prins Hendrikkade t/o nr. 108-114",ACTIVE,,52.3744668,4.9045236,ChIJo8KRS7oJxkcRhMHFq4p93d8,STABLE
3!88a09a8df53b5571762c00000009d7ed,"JCD-ASD1012-117 Stationsplein (west)",ACTIVE,,52.378182699999996,4.8993823999999995,ChIJOz03mrcJxkcRHtCdiznxuGw,STABLE
3!88a09a8df53b5571762c00000009d851,"JCD-ASD1012-042 Stationsplein (west)",ACTIVE,,52.378166699999994,4.8993209,ChIJOz03mrcJxkcRHtCdiznxuGw,STABLE
3!88a09a8df53b5571762c00000009daa9,"JCD-ASD1011-038 Prins Hendrikkade t/o nr 112-114",ACTIVE,,52.3745105,4.9044512,ChIJo8KRS7oJxkcRhMHFq4p93d8,STABLE
3!88a09a8df53b5571762c00000009e2dd,"JCD-ASD1016-010 Elandsgracht t/o nr. 117",ACTIVE,,52.368641,4.8772269999999995,ChIJfU1clN0JxkcRgFJd-YdaBVI,STABLE
3!88a09a8df53b5571762c00000009e341,"JCD-ASD1016-015 Rozengracht nr. 229",ACTIVE,,52.372360699999994,4.876725599999999,ChIJ8f-JC9wJxkcRzVtKdGzAa-M,STABLE
3!88a09a8df53b5571762c00000009e3a5,"JCD-ASD1011-041 Muiderstraat t/o 6",ACTIVE,,52.3676557,4.9060169,ChIJEyIIEr0JxkcR3H-XSp7qgs0,STABLE
3!88a09a8df53b5571762c00000009e409,"JCD-ASD1011-042 Muiderstraat",ACTIVE,,52.367856499999995,4.9058811,ChIJEyIIEr0JxkcR3H-XSp7qgs0,STABLE
3!88a09a8df53b5571762c00000009e46d,"JCD-ASD1012-049 Stationsplein",ACTIVE,,52.3778745,4.9010415,ChIJXxPjZbcJxkcRNqk0ZCMmYPM,STABLE
3!88a09a8df53b5571762c00000009e535,"JCD-ASD1013-018 Haarlemmerplein t/o nr. 78-80",ACTIVE,,52.385013199999996,4.8835052,ChIJK0wobNIJxkcRTTrvDq-rcJU,STABLE
3!88a09a8df53b5571762c00000009e599,"JCD-ASD1011-014 Muiderstraat nr. 1 t/m 9",ACTIVE,,52.3679351,4.9057164,ChIJEyIIEr0JxkcR3H-XSp7qgs0,STABLE
3!88a09a8df53b5571762c00000009e5fd,"JCD-ASD1011-015 Muiderstraat nr. 4",ACTIVE,,52.3675835,4.9062034,ChIJEyIIEr0JxkcR3H-XSp7qgs0,STABLE
3!88a09a8df53b5571762c00000009e661,"JCD-ASD1018-047 Sarphatistraat",ACTIVE,,52.363875799999995,4.919191100000001,ChIJjVCzx58JxkcRi7tLT0z5z50,STABLE
3!88a09a8df53b5571762c00000009e6c5,"JCD-ASD1015-015 Marnixstraat t/o nr. 111",ACTIVE,,52.381267799999996,4.8807792,ChIJi-gCptEJxkcRFyozjfJzL3A,STABLE
1!1ed6a80b463a492fa1d9f11746acaa64001889a6,"JCD-ASD1012-033 Prins Hendrikkade nr. 37 (NZH Busstation)",ACTIVE,,52.377746699999996,4.8975577,ChIJxVM-8rcJxkcRmA6CfDPKZOA,STABLE
1!1ed6a80b463a492fa1d9f11746acaa6400188eb9,"JCD-ASD1019-031 Piet Heinkade Muziekgebouw",ACTIVE,,52.3772235,4.9135287,ChIJUc4leK8JxkcRymnJW8VYKJw,STABLE
1!1ed6a80b463a492fa1d9f11746acaa6400188eba,"JCD-ASD1019-031 Piet Heinkade Muziekgebouw",ACTIVE,,52.3772235,4.9135287,ChIJUc4leK8JxkcRymnJW8VYKJw,STABLE
1!1ed6a80b463a492fa1d9f11746acaa6400188f1d,"JCD-ASD1019-047 Piet Heinkade Muziekgebouw",ACTIVE,,52.3772295,4.9134772,ChIJUc4leK8JxkcRymnJW8VYKJw,STABLE
1!1ed6a80b463a492fa1d9f11746acaa6400188f1e,"JCD-ASD1019-047 Piet Heinkade Muziekgebouw",ACTIVE,,52.3772295,4.9134772,ChIJUc4leK8JxkcRymnJW8VYKJw,STABLE
1!1ed6a80b463a492fa1d9f11746acaa6400189369,"JCD-ASD1019-038 Piet Heinkade Muziekgebouw",ACTIVE,,52.377241899999994,4.9126188,ChIJUc4leK8JxkcRymnJW8VYKJw,STABLE
1!1ed6a80b463a492fa1d9f11746acaa640018936a,"JCD-ASD1019-038 Piet Heinkade Muziekgebouw",ACTIVE,,52.377241899999994,4.9126188,ChIJUc4leK8JxkcRymnJW8VYKJw,STABLE
1!1ed6a80b463a492fa1d9f11746acaa64001893cd,"JCD-ASD1019-051 Piet Heinkade",ACTIVE,,52.3772448,4.9125878,ChIJUc4leK8JxkcRymnJW8VYKJw,STABLE
1!1ed6a80b463a492fa1d9f11746acaa64001893ce,"JCD-ASD1019-051 Piet Heinkade",ACTIVE,,52.3772448,4.9125878,ChIJUc4leK8JxkcRymnJW8VYKJw,STABLE
1!1ed6a80b463a492fa1d9f11746acaa640018a115,"JCD-ASD1017-015 Vijzelgracht",ACTIVE,,52.360169199999994,4.891124899999999,ChIJe0_9kuwJxkcRrWMkLMFEGIg,STABLE
1!1ed6a80b463a492fa1d9f11746acaa640018a116,"JCD-ASD1017-015 Vijzelgracht",ACTIVE,,52.360169199999994,4.891124899999999,ChIJe0_9kuwJxkcRrWMkLMFEGIg,STABLE
1!1ed6a80b463a492fa1d9f11746acaa640018a179,"JCD-ASD1016-003 Raadhuisstraat",ACTIVE,,52.3731685,4.8899846,ChIJ2Wf8u8YJxkcR38Q69sLKrOU,STABLE
1!1ed6a80b463a492fa1d9f11746acaa640018a17a,"JCD-ASD1016-003 Raadhuisstraat",ACTIVE,,52.3731685,4.8899846,ChIJ2Wf8u8YJxkcR38Q69sLKrOU,STABLE
1!1ed6a80b463a492fa1d9f11746acaa640018a1dd,"JCD-ASD1017-022 Weteringschans Weteringscircuit",ACTIVE,,52.3590332,4.890559100000001,ChIJO-_n_OwJxkcR7uiIYBNUGgY,STABLE
1!1ed6a80b463a492fa1d9f11746acaa640018a1de,"JCD-ASD1017-022 Weteringschans Weteringscircuit",ACTIVE,,52.3590332,4.890559100000001,ChIJO-_n_OwJxkcR7uiIYBNUGgY,STABLE
1!1ed6a80b463a492fa1d9f11746acaa640018a241,"JCD-ASD1017-032 Weteringschans nr. 273",ACTIVE,,52.3594429,4.898,ChIJNyycuJMJxkcRwzjp_X8UWv0,STABLE
1!1ed6a80b463a492fa1d9f11746acaa640018a242,"JCD-ASD1017-032 Weteringschans nr. 273",ACTIVE,,52.3594429,4.898,ChIJNyycuJMJxkcRwzjp_X8UWv0,STABLE
1!1ed6a80b463a492fa1d9f11746acaa640018a36d,"JCD-ASD1018-050 Sarphatistraat",ACTIVE,,52.36675590000001,4.9244461,ChIJ2aqq3woJxkcRDgiJTzkO60s,STABLE
1!1ed6a80b463a492fa1d9f11746acaa640018a36e,"JCD-ASD1018-050 Sarphatistraat",ACTIVE,,52.36675590000001,4.9244461,ChIJ2aqq3woJxkcRDgiJTzkO60s,STABLE
1!1ed6a80b463a492fa1d9f11746acaa640018a4fd,"JCD-ASD1017-001 Koningsplein nr. 5",ACTIVE,,52.3670463,4.8892367,ChIJ_fUa4cEJxkcRZzZ3fescUz0,STABLE
1!1ed6a80b463a492fa1d9f11746acaa640018a4fe,"JCD-ASD1017-001 Koningsplein nr. 5",ACTIVE,,52.3670463,4.8892367,ChIJ_fUa4cEJxkcRZzZ3fescUz0,STABLE
1!1ed6a80b463a492fa1d9f11746acaa640018a561,"JCD-ASD1017-042 Koningsplein nr. 10",ACTIVE,,52.3669783,4.8887801,ChIJ_fUa4cEJxkcRZzZ3fescUz0,STABLE
1!1ed6a80b463a492fa1d9f11746acaa640018a562,"JCD-ASD1017-042 Koningsplein nr. 10",ACTIVE,,52.3669783,4.8887801,ChIJ_fUa4cEJxkcRZzZ3fescUz0,STABLE
1!1ed6a80b463a492fa1d9f11746acaa640018a5c5,"JCD-ASD1012-043 Stationsplein",ACTIVE,,52.3782894,4.8993144,ChIJOz03mrcJxkcRHtCdiznxuGw,STABLE
1!1ed6a80b463a492fa1d9f11746acaa640018a5c6,"JCD-ASD1012-043 Stationsplein",ACTIVE,,52.3782894,4.8993144,ChIJOz03mrcJxkcRHtCdiznxuGw,STABLE
1!1ed6a80b463a492fa1d9f11746acaa640018a68d,"JCD-ASD1017-030 Weteringschans nr.165",ACTIVE,,52.3595372,4.8919438,ChIJb_FJxewJxkcRGQkOA0xg4RQ,STABLE
1!1ed6a80b463a492fa1d9f11746acaa640018a68e,"JCD-ASD1017-030 Weteringschans nr.165",ACTIVE,,52.3595372,4.8919438,ChIJb_FJxewJxkcRGQkOA0xg4RQ,STABLE
1!1ed6a80b463a492fa1d9f11746acaa640018a81d,"JCD-ASD1018-043 Sarphatistraat nr. 65",ACTIVE,,52.3610294,4.9071438,ChIJi_nTVJcJxkcR1sktanZ3Yu8,STABLE
1!1ed6a80b463a492fa1d9f11746acaa640018a81e,"JCD-ASD1018-043 Sarphatistraat nr. 65",ACTIVE,,52.3610294,4.9071438,ChIJi_nTVJcJxkcR1sktanZ3Yu8,STABLE
1!1ed6a80b463a492fa1d9f11746acaa640018a881,"JCD-ASD1018-045 Sarphatistraat nr. 59",ACTIVE,,52.3609589,4.9068106,ChIJi_nTVJcJxkcR1sktanZ3Yu8,STABLE
1!1ed6a80b463a492fa1d9f11746acaa640018a882,"JCD-ASD1018-045 Sarphatistraat nr. 59",ACTIVE,,52.3609589,4.9068106,ChIJi_nTVJcJxkcR1sktanZ3Yu8,STABLE
1!1ed6a80b463a492fa1d9f11746acaa640018a8e5,"JCD-ASD1012-118 Prins Hendrikkade",ACTIVE,,52.3780936,4.897700599999999,ChIJ5XG-7bcJxkcRbdRcnMsOiSM,STABLE
1!1ed6a80b463a492fa1d9f11746acaa640018a8e6,"JCD-ASD1012-118 Prins Hendrikkade",ACTIVE,,52.3780936,4.897700599999999,ChIJ5XG-7bcJxkcRbdRcnMsOiSM,STABLE
1!1ed6a80b463a492fa1d9f11746acaa640018a949,"JCD-ASD1012-119 Prins Hendrikkade",ACTIVE,,52.377965599999996,4.8979539,ChIJ5XG-7bcJxkcRbdRcnMsOiSM,STABLE
1!1ed6a80b463a492fa1d9f11746acaa640018a94a,"JCD-ASD1012-119 Prins Hendrikkade",ACTIVE,,52.377965599999996,4.8979539,ChIJ5XG-7bcJxkcRbdRcnMsOiSM,STABLE
1!1ed6a80b463a492fa1d9f11746acaa640018a9ad,"JCD-ASD1012-120 Prins Hendrikkade",ACTIVE,,52.377824999999994,4.8981661999999995,ChIJQ2yk8rcJxkcRLMqJkpp0WR0,STABLE
1!1ed6a80b463a492fa1d9f11746acaa640018a9ae,"JCD-ASD1012-120 Prins Hendrikkade",ACTIVE,,52.377824999999994,4.8981661999999995,ChIJQ2yk8rcJxkcRLMqJkpp0WR0,STABLE
1!1ed6a80b463a492fa1d9f11746acaa640018b439,"JCD-ASD1017-004 Leidseplein nr. 26",ACTIVE,,52.363915899999995,4.8825227,ChIJP71Z7egJxkcRu62zVE0LYAc,STABLE
1!1ed6a80b463a492fa1d9f11746acaa640018b43a,"JCD-ASD1017-004 Leidseplein nr. 26",ACTIVE,,52.363915899999995,4.8825227,ChIJP71Z7egJxkcRu62zVE0LYAc,STABLE
1!1ed6a80b463a492fa1d9f11746acaa640018b49d,"JCD-ASD1012-047 Stationsplein",ACTIVE,,52.3778772,4.9009336,ChIJXxPjZbcJxkcRNqk0ZCMmYPM,STABLE
1!1ed6a80b463a492fa1d9f11746acaa640018b49e,"JCD-ASD1012-047 Stationsplein",ACTIVE,,52.3778772,4.9009336,ChIJXxPjZbcJxkcRNqk0ZCMmYPM,STABLE
1!1ed6a80b463a492fa1d9f11746acaa640018b501,"JCD-ASD1012-001 Stationsplein",ACTIVE,,52.37775,4.9013667,ChIJXxPjZbcJxkcRNqk0ZCMmYPM,STABLE
1!1ed6a80b463a492fa1d9f11746acaa640018b502,"JCD-ASD1012-001 Stationsplein",ACTIVE,,52.37775,4.9013667,ChIJXxPjZbcJxkcRNqk0ZCMmYPM,STABLE
1!1ed6a80b463a492fa1d9f11746acaa640018b5c9,"JCD-ASD1012-044 Stationsplein",ACTIVE,,52.3777153,4.9013363000000005,ChIJXxPjZbcJxkcRNqk0ZCMmYPM,STABLE
1!1ed6a80b463a492fa1d9f11746acaa640018b5ca,"JCD-ASD1012-044 Stationsplein",ACTIVE,,52.3777153,4.9013363000000005,ChIJXxPjZbcJxkcRNqk0ZCMmYPM,STABLE
1!1ed6a80b463a492fa1d9f11746acaa640018b62d,"JCD-ASD1012-125 Stationsplein",ACTIVE,,52.377714999999995,4.9012899999999995,ChIJXxPjZbcJxkcRNqk0ZCMmYPM,STABLE
1!1ed6a80b463a492fa1d9f11746acaa640018b62e,"JCD-ASD1012-125 Stationsplein",ACTIVE,,52.377714999999995,4.9012899999999995,ChIJXxPjZbcJxkcRNqk0ZCMmYPM,STABLE
1!1ed6a80b463a492fa1d9f11746acaa640018b691,"JCD-ASD1012-045 Stationsplein (oost)",ACTIVE,,52.3778212,4.9010831999999995,ChIJXxPjZbcJxkcRNqk0ZCMmYPM,STABLE
1!1ed6a80b463a492fa1d9f11746acaa640018b692,"JCD-ASD1012-045 Stationsplein (oost)",ACTIVE,,52.3778212,4.9010831999999995,ChIJXxPjZbcJxkcRNqk0ZCMmYPM,STABLE
1!1ed6a80b463a492fa1d9f11746acaa640018b6f5,"JCD-ASD1012-126 Stationsplein",ACTIVE,,52.377821,4.9010472,ChIJXxPjZbcJxkcRNqk0ZCMmYPM,STABLE
1!1ed6a80b463a492fa1d9f11746acaa64000ab1e5,"JCD-ASD1018-028 Sarphatistraat 498",ACTIVE,,52.363464500000006,4.9193856,ChIJb2Pf0Z8JxkcRdKAV31HGx38,STABLE
1!1ed6a80b463a492fa1d9f11746acaa64000ab249,"JCD-ASD1018-029 Alexanderplein",ACTIVE,,52.363502499999996,4.9194571,ChIJj_LbyJ8JxkcRF05NRg2_zSw,STABLE
1!1ed6a80b463a492fa1d9f11746acaa64000ab2ad,"JCD-ASD1016-012 Rozengracht t/o nr. 233",ACTIVE,,52.3723976,4.8765401,ChIJm2xmBNwJxkcRiF5OmseNM6g,STABLE
1!1ed6a80b463a492fa1d9f11746acaa64000ab311,"JCD-ASD1012-104 Nieuwezijds Voorburgwal t/o nr. 336",ACTIVE,,52.3693095,4.8893648999999995,ChIJbQfnmsEJxkcRQgbEr0Fl8Ls,STABLE
1!1ed6a80b463a492fa1d9f11746acaa64000ab3d9,"JCD-ASD1017-077 Vijzelgracht t/o nr. 52",ACTIVE,,52.3592302,4.8903698,ChIJO-_n_OwJxkcR7uiIYBNUGgY,STABLE
1!1ed6a80b463a492fa1d9f11746acaa64000ae255,"JCD-ASD1013-041 Barentszplein",ACTIVE,,52.389398,4.8916355,ChIJARJ4XjMIxkcRyMAAjLGCxQk,STABLE
1!1ed6a80b463a492fa1d9f11746acaa64000b60e5,"JCD-ASD1012-097 Prins Hendrikkade t/o nr. 74",ACTIVE,,52.376962400000004,4.9009623,ChIJezKi1rkJxkcRyLIdXL7exGc,STABLE
1!1ed6a80b463a492fa1d9f11746acaa64000b7f5d,"JCD-ASD1011-011 Waterlooplein t/o nr 319",ACTIVE,,52.367105300000006,4.9020857,ChIJayOQ7r0JxkcR3TkpnEc-XkA,STABLE
1!1ed6a80b463a492fa1d9f11746acaa64000b7f5e,"JCD-ASD1011-011 Waterlooplein t/o nr 319",ACTIVE,,52.367105300000006,4.9020857,ChIJayOQ7r0JxkcR3TkpnEc-XkA,STABLE
1!1ed6a80b463a492fa1d9f11746acaa64000b81b5,"JCD-ASD1012-050 Stationsplein",ACTIVE,,52.3782703,4.899253,ChIJOz03mrcJxkcRHtCdiznxuGw,STABLE
1!1ed6a80b463a492fa1d9f11746acaa64000b81b6,"JCD-ASD1012-050 Stationsplein",ACTIVE,,52.3782703,4.899253,ChIJOz03mrcJxkcRHtCdiznxuGw,STABLE
1!1ed6a80b463a492fa1d9f11746acaa64000b8219,"JCD-ASD1012-039 Stationsplein",ACTIVE,,52.378260499999996,4.8991811,ChIJOz03mrcJxkcRHtCdiznxuGw,STABLE
1!1ed6a80b463a492fa1d9f11746acaa64000b821a,"JCD-ASD1012-039 Stationsplein",ACTIVE,,52.378260499999996,4.8991811,ChIJOz03mrcJxkcRHtCdiznxuGw,STABLE
1!1ed6a80b463a492fa1d9f11746acaa64000b8c41,"JCD-ASD1017-037 Marnixstraat nr. 260",ACTIVE,,52.3683116,4.8783427,ChIJz69Ad90JxkcR0PpP6hBk-ac,STABLE
1!1ed6a80b463a492fa1d9f11746acaa64000b8c42,"JCD-ASD1017-037 Marnixstraat nr. 260",ACTIVE,,52.3683116,4.8783427,ChIJz69Ad90JxkcR0PpP6hBk-ac,STABLE
1!1ed6a80b463a492fa1d9f11746acaa64000b8d09,"JCD-ASD1017-040 Rembrandtplein",ACTIVE,,52.3663185,4.8966644,ChIJRWJQZ5UJxkcRjY52q5lCaqI,STABLE
1!1ed6a80b463a492fa1d9f11746acaa64000b8d0a,"JCD-ASD1017-040 Rembrandtplein",ACTIVE,,52.3663185,4.8966644,ChIJRWJQZ5UJxkcRjY52q5lCaqI,STABLE
1!1ed6a80b463a492fa1d9f11746acaa64000b8dd1,"JCD-ASD1016-020 Westermarkt t/o nr. 25",ACTIVE,,52.374080500000005,4.8839007,ChIJVT6O68QJxkcR1GJsgXt5tfk,STABLE
1!1ed6a80b463a492fa1d9f11746acaa64000b8dd2,"JCD-ASD1016-020 Westermarkt t/o nr. 25",ACTIVE,,52.374080500000005,4.8839007,ChIJVT6O68QJxkcR1GJsgXt5tfk,STABLE
1!1ed6a80b463a492fa1d9f11746acaa64000b8e35,"JCD-ASD1016-021 Westermarkt nr. 9",ACTIVE,,52.373996500000004,4.8841278,ChIJVT6O68QJxkcR1GJsgXt5tfk,STABLE
1!1ed6a80b463a492fa1d9f11746acaa64000b8e36,"JCD-ASD1016-021 Westermarkt nr. 9",ACTIVE,,52.373996500000004,4.8841278,ChIJVT6O68QJxkcR1GJsgXt5tfk,STABLE
1!1ed6a80b463a492fa1d9f11746acaa64000b9281,"JCD-ASD1017-058 Utrechtsestraat (op brug)",ACTIVE,,52.3638356,4.8983802,ChIJsVKWspUJxkcRo-jZJnqnvDc,STABLE
1!1ed6a80b463a492fa1d9f11746acaa64000b92e5,"JCD-ASD1017-057 Utrechtsestraat (op brug)",ACTIVE,,52.36380990000001,4.898272599999999,ChIJ3XOuTZQJxkcR3iQxylVdRwE,STABLE
1!1ed6a80b463a492fa1d9f11746acaa64000b9349,"JCD-ASD1017-034 Utrechtsestraat (op brug)",ACTIVE,,52.362123399999994,4.8989129,ChIJH-g3EpQJxkcRDTK-uws13gg,STABLE
1!1ed6a80b463a492fa1d9f11746acaa64000b9ca9,"JCD-ASD1017-044 Utrechtsestraat (op brug)",ACTIVE,,52.3621427,4.8990309,ChIJrQOKFJQJxkcR9nq3OnGQmIk,STABLE
1!1ed6a80b463a492fa1d9f11746acaa64000b9d0d,"JCD-ASD1013-025 Haarlemmerplein t/o nr. 78-80",ACTIVE,,52.384896399999995,4.8834139,ChIJK0wobNIJxkcRTTrvDq-rcJU,STABLE
1!1ed6a80b463a492fa1d9f11746acaa640018716d,"JCD-ASD1017-051 Leidsestraat",ACTIVE,,52.3650489,4.8844351999999995,ChIJY-corekJxkcRwkE6Q_mpTnw,STABLE
1!1ed6a80b463a492fa1d9f11746acaa64001871d1,"JCD-ASD1017-052 Leidsestraat",ACTIVE,,52.364992699999995,4.884518,ChIJY-corekJxkcRwkE6Q_mpTnw,STABLE
1!1ed6a80b463a492fa1d9f11746acaa6400187235,"JCD-ASD1017-053 Leidsestraat",ACTIVE,,52.3659933,4.886435,ChIJw8OY7ukJxkcR99MTHWPIDXM,STABLE
1!1ed6a80b463a492fa1d9f11746acaa6400187299,"JCD-ASD1017-054 Leidsestraat",ACTIVE,,52.3659338,4.8865128,ChIJw8OY7ukJxkcR99MTHWPIDXM,STABLE
1!1ed6a80b463a492fa1d9f11746acaa64001872fd,"JCD-ASD1013-039 De Ruyterkade",ACTIVE,,52.3807992,4.8992138999999995,ChIJMUfcWrYJxkcREV6IQJl5jEw,STABLE
1!1ed6a80b463a492fa1d9f11746acaa6400187811,"JCD-ASD1017-055 Westeinde nr. 26",ACTIVE,,52.3580999,4.8992042,ChIJV1DRKJIJxkcR_9G6Jnf6LSY,STABLE
1!1ed6a80b463a492fa1d9f11746acaa6400187875,"JCD-ASD1017-056 Westeinde",ACTIVE,,52.358112899999995,4.8993017,ChIJV1DRKJIJxkcR_9G6Jnf6LSY,STABLE
1!1ed6a80b463a492fa1d9f11746acaa6400187ded,"JCD-ASD1012-028 Nieuwezijds Voorburgwal nr. 163",ACTIVE,,52.3722328,4.890712,ChIJL6YTysYJxkcR4QblyxpFQd0,STABLE
1!1ed6a80b463a492fa1d9f11746acaa6400187e51,"JCD-ASD1012-103 Nieuwezijds Voorburgwal nr. 153",ACTIVE,,52.3724121,4.8907099999999994,ChIJL6YTysYJxkcR4QblyxpFQd0,STABLE
1!1ed6a80b463a492fa1d9f11746acaa6400187eb5,"JCD-ASD1017-059 Frederiksplein",ACTIVE,,52.360183,4.899362399999999,ChIJh6-w5ZMJxkcRpN_PA9ttXq4,STABLE
1!1ed6a80b463a492fa1d9f11746acaa640018842d,"JCD-ASD1012-008 Mozes en Aaronstraat nr. 4",ACTIVE,,52.3735716,4.891532199999999,ChIJP13E6cYJxkcRxOCd6mbKGz0,STABLE
1!1ed6a80b463a492fa1d9f11746acaa640018842e,"JCD-ASD1012-008 Mozes en Aaronstraat nr. 4",ACTIVE,,52.3735716,4.891532199999999,ChIJP13E6cYJxkcRxOCd6mbKGz0,STABLE
1!1ed6a80b463a492fa1d9f11746acaa64001884f5,"JCD-ASD1012-025 Nieuwezijds Voorburgwal nr. 78",ACTIVE,,52.3759364,4.8930589,ChIJryOotMcJxkcRI-237SeYzig,STABLE
1!1ed6a80b463a492fa1d9f11746acaa64001884f6,"JCD-ASD1012-025 Nieuwezijds Voorburgwal nr. 78",ACTIVE,,52.3759364,4.8930589,ChIJryOotMcJxkcRI-237SeYzig,STABLE
1!1ed6a80b463a492fa1d9f11746acaa6400188559,"JCD-ASD1012-046 Nieuwezijds Voorburgwal nr. 182",ACTIVE,,52.3737154,4.8907631,ChIJW_oq68YJxkcRJCGnCKsiSWY,STABLE
1!1ed6a80b463a492fa1d9f11746acaa640018855a,"JCD-ASD1012-046 Nieuwezijds Voorburgwal nr. 182",ACTIVE,,52.3737154,4.8907631,ChIJW_oq68YJxkcRJCGnCKsiSWY,STABLE
1!1ed6a80b463a492fa1d9f11746acaa64001885bd,"JCD-ASD1017-014 Weteringschans t/o nr. 167",ACTIVE,,52.3594498,4.8920937,ChIJb_FJxewJxkcRGQkOA0xg4RQ,STABLE
1!1ed6a80b463a492fa1d9f11746acaa64001885be,"JCD-ASD1017-014 Weteringschans t/o nr. 167",ACTIVE,,52.3594498,4.8920937,ChIJb_FJxewJxkcRGQkOA0xg4RQ,STABLE
1!1ed6a80b463a492fa1d9f11746acaa6400188621,"JCD-ASD1012-090 Nieuwezijds Voorburgwal nr. 180",ACTIVE,,52.373923399999995,4.8908686999999995,ChIJW_oq68YJxkcRJCGnCKsiSWY,STABLE
1!1ed6a80b463a492fa1d9f11746acaa6400188622,"JCD-ASD1012-090 Nieuwezijds Voorburgwal nr. 180",ACTIVE,,52.373923399999995,4.8908686999999995,ChIJW_oq68YJxkcRJCGnCKsiSWY,STABLE
1!1ed6a80b463a492fa1d9f11746acaa64001886e9,"JCD-ASD1018-044 Sarphatistraat 64",ACTIVE,,52.3613358,4.909000499999999,ChIJyx-ompkJxkcRLKgD5d9RR3A,STABLE
1!1ed6a80b463a492fa1d9f11746acaa64001886ea,"JCD-ASD1018-044 Sarphatistraat 64",ACTIVE,,52.3613358,4.909000499999999,ChIJyx-ompkJxkcRLKgD5d9RR3A,STABLE
1!1ed6a80b463a492fa1d9f11746acaa6400188815,"JCD-ASD1013-040 De Ruyterkade",ACTIVE,,52.3807948,4.8989261,ChIJl8BvRLYJxkcRyr0AWSNedCg,STABLE
1!1ed6a80b463a492fa1d9f11746acaa64001889a5,"JCD-ASD1012-033 Prins Hendrikkade nr. 37 (NZH Busstation)",ACTIVE,,52.377746699999996,4.8975577,ChIJxVM-8rcJxkcRmA6CfDPKZOA,STABLE
1!1ed6a80b463a492fa1d9f11746acaa640009e729,"JCD-ASD1015-022 Marnixstraat t/o nr. 105",ACTIVE,,52.3815216,4.8809451,ChIJi-gCptEJxkcRFyozjfJzL3A,STABLE
1!1ed6a80b463a492fa1d9f11746acaa640009e78d,"JCD-ASD1017-005 Leidseplein t/o nr. 28",ACTIVE,,52.3640425,4.882636499999999,ChIJP71Z7egJxkcRu62zVE0LYAc,STABLE
1!1ed6a80b463a492fa1d9f11746acaa640009e7f1,"JCD-ASD1013-020 Haarlemmerplein",ACTIVE,,52.3850738,4.883705,ChIJkwICcNIJxkcRd6ywdidhk7c,STABLE
1!1ed6a80b463a492fa1d9f11746acaa640009e855,"JCD-ASD1017-011 Weteringschans nr. 140",ACTIVE,,52.359402599999996,4.8981546,ChIJNyycuJMJxkcRwzjp_X8UWv0,STABLE
1!1ed6a80b463a492fa1d9f11746acaa640009e8b9,"JCD-ASD1017-012 Weteringschans nr. 136",ACTIVE,,52.3593639,4.8979238,ChIJNyycuJMJxkcRwzjp_X8UWv0,STABLE
1!1ed6a80b463a492fa1d9f11746acaa640009e91d,"JCD-ASD1018-049 Sarphatistraat",ACTIVE,,52.3667376,4.9245849999999995,ChIJ2aqq3woJxkcRDgiJTzkO60s,STABLE
1!1ed6a80b463a492fa1d9f11746acaa640009f9e9,"JCD-ASD1011-005 Prins Hendrikkade nr. 134",ACTIVE,,52.3738113,4.905772,ChIJMXxfB7sJxkcRNWVs-ZbGJJo,STABLE
1!1ed6a80b463a492fa1d9f11746acaa640009fe99,"JCD-ASD1012-038 Paleisstraat nr. 21",ACTIVE,,52.3726421,4.891051699999999,ChIJZ-gJz8YJxkcRxe8JsLc-Hvc,STABLE
1!1ed6a80b463a492fa1d9f11746acaa64000a0155,"JCD-ASD1011-009 Prins Hendrikkade nr. 143",ACTIVE,,52.3734209,4.906475200000001,ChIJlw44ELsJxkcRee1sf_J_AWs,STABLE
1!1ed6a80b463a492fa1d9f11746acaa64000a01b9,"JCD-ASD1016-002 Westermarkt t/o nr. 27",ACTIVE,,52.374088799999996,4.8836334,ChIJVT6O68QJxkcR1GJsgXt5tfk,STABLE
1!1ed6a80b463a492fa1d9f11746acaa64000a021d,"JCD-ASD1018-019 Sarphatistraat nr. 171",ACTIVE,,52.3624298,4.913919,ChIJk8UxM5kJxkcR8gqA3hBtkGs,STABLE
1!1ed6a80b463a492fa1d9f11746acaa64000a02e5,"JCD-ASD1015-017 Marnixstraat nr. 293-295",ACTIVE,,52.37433850000001,4.876521599999999,ChIJ12-a29sJxkcRYQKv1BVXI3Q,STABLE
1!1ed6a80b463a492fa1d9f11746acaa64000a0349,"JCD-ASD1016-016 Marnixstraat t/o nr. 295",ACTIVE,,52.3743506,4.876413599999999,ChIJbdoL3tsJxkcRv2j8z86DsJA,STABLE
1!1ed6a80b463a492fa1d9f11746acaa64000a03ad,"JCD-ASD1016-017 Marnixstraat t/o nr. 213",ACTIVE,,52.3787117,4.8792547,ChIJsVrOmtAJxkcRxKeOgjXZdPo,STABLE
1!1ed6a80b463a492fa1d9f11746acaa64000a0411,"JCD-ASD1012-056 Stationsplein",ACTIVE,,52.378141299999996,4.8992493,ChIJOz03mrcJxkcRHtCdiznxuGw,STABLE
1!1ed6a80b463a492fa1d9f11746acaa64000a0475,"JCD-ASD1016-022 Westermarkt nr. 7",ACTIVE,,52.3739945,4.884384799999999,ChIJVT6O68QJxkcR1GJsgXt5tfk,STABLE
1!1ed6a80b463a492fa1d9f11746acaa64000a04d9,"JCD-ASD1015-021 Marnixplein t/o nr. 213d",ACTIVE,,52.378610800000004,4.8791839,ChIJsVrOmtAJxkcRxKeOgjXZdPo,STABLE
1!1ed6a80b463a492fa1d9f11746acaa64000a053d,"JCD-ASD1017-079 Westeinde t/o nr. 26",ACTIVE,,52.358289000000006,4.8992740999999995,ChIJV1DRKJIJxkcR_9G6Jnf6LSY,STABLE
1!1ed6a80b463a492fa1d9f11746acaa64000a05a1,"JCD-ASD1018-048 Sarphatistraat",ACTIVE,,52.363958399999994,4.9193958,ChIJjVCzx58JxkcRi7tLT0z5z50,STABLE
1!1ed6a80b463a492fa1d9f11746acaa64000a0605,"JCD-ASD1011-039 Prins Hendrikkade t/o nr 134",ACTIVE,,52.3738362,4.9057255,ChIJMXxfB7sJxkcRNWVs-ZbGJJo,STABLE
1!1ed6a80b463a492fa1d9f11746acaa64000a0669,"JCD-ASD1011-040 Prins Hendrikkade nr 143",ACTIVE,,52.373399,4.906511399999999,ChIJlw44ELsJxkcRee1sf_J_AWs,STABLE
1!1ed6a80b463a492fa1d9f11746acaa64000a06cd,"JCD-ASD1017-081 Rembrandtplein",ACTIVE,,52.3663295,4.8962943,ChIJRWJQZ5UJxkcRjY52q5lCaqI,STABLE
1!1ed6a80b463a492fa1d9f11746acaa64000a7365,"JCD-ASD1018-018 Plantage Middenlaan nr. 49",ACTIVE,,52.365137,4.9155782,ChIJv1cnW58JxkcRQYoROhDSh6I,STABLE
1!1ed6a80b463a492fa1d9f11746acaa64000a73c9,"JCD-ASD1018-020 Plantage Middenlaan nr. 27",ACTIVE,,52.3667666,4.9108792999999995,ChIJj4u4iKIJxkcR4K1IQApYXBs,STABLE
1!1ed6a80b463a492fa1d9f11746acaa64000a742d,"JCD-ASD1018-021 Plantage Middenlaan nr. 26",ACTIVE,,52.3665076,4.9114217,ChIJu-rvfKIJxkcRB-telUPyEFQ,STABLE
1!1ed6a80b463a492fa1d9f11746acaa64000a7491,"JCD-ASD1018-022 Plantage Middenlaan nr. 22",ACTIVE,,52.3666195,4.9110813,ChIJu-rvfKIJxkcRB-telUPyEFQ,STABLE
1!1ed6a80b463a492fa1d9f11746acaa64000a74f5,"JCD-ASD1018-026 Plantage Middenlaan t/o nr. 22",ACTIVE,,52.366670199999994,4.911163,ChIJj4u4iKIJxkcR4K1IQApYXBs,STABLE
1!1ed6a80b463a492fa1d9f11746acaa64000a7559,"JCD-ASD1016-014 Rozengracht nr. 217",ACTIVE,,52.3724279,4.8769868999999995,ChIJ8f-JC9wJxkcRzVtKdGzAa-M,STABLE
1!1ed6a80b463a492fa1d9f11746acaa64000a75bd,"JCD-ASD1011-033 Waterlooplein t/o nr. 329",ACTIVE,,52.3669884,4.901968699999999,ChIJayOQ7r0JxkcR3TkpnEc-XkA,STABLE
1!1ed6a80b463a492fa1d9f11746acaa64000a9241,"JCD-ASD1012-003 Nieuwezijds Voorburgwal nr. 41",ACTIVE,,52.3761936,4.893642,ChIJ919-yMcJxkcRCSXeJOsP5N0,STABLE
1!1ed6a80b463a492fa1d9f11746acaa64000a936d,"JCD-ASD1012-111 Nieuwezijds Voorburgwal nr. 39",ACTIVE,,52.3762379,4.8937083,ChIJ919-yMcJxkcRCSXeJOsP5N0,STABLE
1!1ed6a80b463a492fa1d9f11746acaa64000a93d1,"JCD-ASD1012-027 Nieuwezijds Voorburgwal nr. 162",ACTIVE,,52.374387399999996,4.8912387,ChIJvU2T88YJxkcR4rKg8kdBg8Y,STABLE
1!1ed6a80b463a492fa1d9f11746acaa64000a9499,"JCD-ASD1012-036 Nieuwezijds Voorburgwal nr. 47",ACTIVE,,52.376123899999996,4.8935245,ChIJ919-yMcJxkcRCSXeJOsP5N0,STABLE
1!1ed6a80b463a492fa1d9f11746acaa64000a94fd,"JCD-ASD1012-037 Nieuwezijds Voorburgwal nr. 160",ACTIVE,,52.374431599999994,4.8912793,ChIJvU2T88YJxkcR4rKg8kdBg8Y,STABLE
1!1ed6a80b463a492fa1d9f11746acaa64000a9561,"JCD-ASD1012-048 Nieuwezijds Voorburgwal nr. 381",ACTIVE,,52.3691647,4.8893562,ChIJbQfnmsEJxkcRQgbEr0Fl8Ls,STABLE
1!1ed6a80b463a492fa1d9f11746acaa64000a95c5,"JCD-ASD1017-017 Weteringschans nr. 269",ACTIVE,,52.359400699999995,4.897681899999999,ChIJNyycuJMJxkcRwzjp_X8UWv0,STABLE
1!1ed6a80b463a492fa1d9f11746acaa64000a9629,"JCD-ASD1017-020 Vijzelgracht t/o nr. 50",ACTIVE,,52.3598764,4.891051099999999,ChIJe0_9kuwJxkcRrWMkLMFEGIg,STABLE
1!1ed6a80b463a492fa1d9f11746acaa64000a968d,"JCD-ASD1017-024 Sarphatistraat nr. 474",ACTIVE,,52.363309799999996,4.9184674,ChIJl1Fvtp8JxkcRoxhACXzakoU,STABLE
1!1ed6a80b463a492fa1d9f11746acaa64000aa119,"JCD-ASD1017-025 Sarphatistraat nr. 370 (voor politiebureau)",ACTIVE,,52.3626685,4.9154015,ChIJD9EhxJ4JxkcRXC0-rvYnPkM,STABLE
1!1ed6a80b463a492fa1d9f11746acaa64000aa17d,"JCD-ASD1017-029 Marnixstraat nr. 252",ACTIVE,,52.3693156,4.8775739,ChIJu1Ivst0JxkcRteejjMlxjJM,STABLE
1!1ed6a80b463a492fa1d9f11746acaa64000aa1e1,"JCD-ASD1015-012 Marnixstraat",ACTIVE,,52.3695485,4.877591799999999,ChIJu1Ivst0JxkcRteejjMlxjJM,STABLE
1!1ed6a80b463a492fa1d9f11746acaa64000aa439,"JCD-ASD1016-008 Marnixstraat nr. 252",ACTIVE,,52.3693909,4.8775268,ChIJu1Ivst0JxkcRteejjMlxjJM,STABLE
1!1ed6a80b463a492fa1d9f11746acaa64000aa565,"JCD-ASD1013-021 Haarlemmer Houttuinen t/o nr. 47",ACTIVE,,52.38166150000001,4.8913440999999995,ChIJe9thSMkJxkcRmZLKGYsqyjQ,STABLE
1!1ed6a80b463a492fa1d9f11746acaa64000aa5c9,"JCD-ASD1013-022 Haarlemmer Houttuinen t/o nr. 439-489",ACTIVE,,52.383301599999996,4.887876299999999,ChIJre98LMwJxkcRCVgNlNpnV-c,STABLE
1!1ed6a80b463a492fa1d9f11746acaa64000aae61,"JCD-ASD1013-023 Haarlemmer Houttuinen nr. 433",ACTIVE,,52.383119699999995,4.8880273999999995,ChIJpYeyKcwJxkcRHx3uZwdLjCk,STABLE
1!1ed6a80b463a492fa1d9f11746acaa64000aaec5,"JCD-ASD1015-016 Marnixstraat",ACTIVE,,52.369711599999995,4.8774717,ChIJu1Ivst0JxkcRteejjMlxjJM,STABLE
1!1ed6a80b463a492fa1d9f11746acaa64000aaf29,"JCD-ASD1016-011 Rozengracht t/o nr. 235",ACTIVE,,52.3723752,4.8764427,ChIJm2xmBNwJxkcRiF5OmseNM6g,STABLE
1!1ed6a80b463a492fa1d9f11746acaa64000aaf8d,"JCD-ASD1016-023 Rozengracht",ACTIVE,,52.3723238,4.8762069,ChIJm2xmBNwJxkcRiF5OmseNM6g,STABLE
1!1ed6a80b463a492fa1d9f11746acaa64000ab055,"JCD-ASD1013-026 Haarlemmer Houttuinen t/o nr. 39",ACTIVE,,52.3814924,4.8915258999999995,ChIJu3SCOMkJxkcRaTk9XacEERo,STABLE
1!1ed6a80b463a492fa1d9f11746acaa64000ab181,"JCD-ASD1016-019 Marnixstraat nr. 260",ACTIVE,,52.3681397,4.878473,ChIJz69Ad90JxkcR0PpP6hBk-ac,STABLE
1!1ed6a80b463a492fa1d9f11746acaa6400057289,"JCD-ASD1017-039 Rembrandtplein",ACTIVE,,52.366178999999995,4.8963987,ChIJ7Z5ae5UJxkcRjbYmCmQFAOw,STABLE
1!1ed6a80b463a492fa1d9f11746acaa6400057351,"JCD-ASD1017-038 Rembrandtplein t/o nr. 17",ACTIVE,,52.3661678,4.8967483,ChIJ7Z5ae5UJxkcRjbYmCmQFAOw,STABLE
1!1ed6a80b463a492fa1d9f11746acaa64000573b5,"JCD-ASD1016-018 Marnixstraat t/o nr. 182",ACTIVE,,52.371886599999996,4.8759600999999995,ChIJ7x8NHNwJxkcRlz8UY2Q2F_Q,STABLE
1!1ed6a80b463a492fa1d9f11746acaa6400057419,"JCD-ASD1013-024 Houtmankade t/o nr. 59",ACTIVE,,52.3881029,4.8847708,ChIJ_aGFqdIJxkcRtjF3rRuwo9c,STABLE
1!1ed6a80b463a492fa1d9f11746acaa64000574e1,"JCD-ASD1017-026 Frederiksplein nr. 42",ACTIVE,,52.3599583,4.8990257999999995,ChIJgbw66JMJxkcRyzAeYpoQBhc,STABLE
1!1ed6a80b463a492fa1d9f11746acaa64000576d5,"JCD-ASD1017-010 Weteringschans t/o nr. 99",ACTIVE,,52.360754199999995,4.8873584999999995,ChIJzctAGuwJxkcRqxrE_dihhdk,STABLE
1!1ed6a80b463a492fa1d9f11746acaa6400057739,"JCD-ASD1016-001 Raadhuisstraat",ACTIVE,,52.3730963,4.8900163,ChIJocGgu8YJxkcR6MMqHEu6ZTk,STABLE
1!1ed6a80b463a492fa1d9f11746acaa6400057d15,"JCD-ASD1011-003 Prins Hendrikkade t/o nr. 163",ACTIVE,,52.3723209,4.9094212,ChIJvdv2sKQJxkcRCc7rvvrSWQc,STABLE
1!1ed6a80b463a492fa1d9f11746acaa6400057e41,"JCD-ASD1012-029 Nieuwezijds Voorburgwal nr. 338",ACTIVE,,52.3692995,4.8892468,ChIJbQfnmsEJxkcRQgbEr0Fl8Ls,STABLE
1!1ed6a80b463a492fa1d9f11746acaa6400058099,"JCD-ASD1016-009 Marnixstraat t/o nr. 180",ACTIVE,,52.37195570000001,4.8759439,ChIJ7x8NHNwJxkcRlz8UY2Q2F_Q,STABLE
1!1ed6a80b463a492fa1d9f11746acaa6400059165,"JCD-ASD1015-010 Marnixstraat",ACTIVE,,52.3691162,4.8772781,ChIJ_6_Fu90JxkcRIJY1nDa0IDY,STABLE
1!1ed6a80b463a492fa1d9f11746acaa640005cdf1,"JCD-ASD1016-028 Marnixstraat thv nr. 252",ACTIVE,,52.3692906,4.8771549,ChIJ_6_Fu90JxkcRIJY1nDa0IDY,STABLE
1!1ed6a80b463a492fa1d9f11746acaa640007768d,"JCD-ASD1016-029 Marnixstraat",ACTIVE,,52.3697107,4.8768834,ChIJe_A7tt0JxkcRJkE5alDxf6s,STABLE
1!1ed6a80b463a492fa1d9f11746acaa640009c721,"JCD-ASD1013-066 Westerdoksdijk 10m na Leliendaalstraat",ACTIVE,,52.385826099999996,4.893220299999999,ChIJQwSLCcsJxkcRIlisKRcCE2k,STABLE
1!1ed6a80b463a492fa1d9f11746acaa640009d3a1,"JCD-ASD1015-019 Marnixplein t/o nr. 12",ACTIVE,,52.3783735,4.878506799999999,ChIJGw_XmNAJxkcRFnzY0pgzsCs,STABLE
1!1ed6a80b463a492fa1d9f11746acaa640009d405,"JCD-ASD1015-018 Marnixplein nr. 2a",ACTIVE,,52.3779219,4.8788256,ChIJEfOandAJxkcRJgygOX5jyAg,STABLE
1!1ed6a80b463a492fa1d9f11746acaa640009d531,"JCD-ASD1017-016 Weteringschans nr. 91",ACTIVE,,52.3609549,4.887207200000001,ChIJdXQZqO4JxkcRqLVT_QadUQs,STABLE
1!1ed6a80b463a492fa1d9f11746acaa640009d595,"JCD-ASD1017-041 Koningsplein nr. 16",ACTIVE,,52.3669497,4.888693,ChIJ_fUa4cEJxkcRZzZ3fescUz0,STABLE
1!1ed6a80b463a492fa1d9f11746acaa640009d5f9,"JCD-ASD1017-043 Koningsplein nr. 11",ACTIVE,,52.367075,4.8893289,ChIJ_fUa4cEJxkcRZzZ3fescUz0,STABLE
1!1ed6a80b463a492fa1d9f11746acaa640009d65d,"JCD-ASD1013-019 Haarlemmerplein",ACTIVE,,52.3849759,4.8836238,ChIJkwICcNIJxkcRd6ywdidhk7c,STABLE
1!1ed6a80b463a492fa1d9f11746acaa640009d6c1,"JCD-ASD1012-055 Stationsplein",ACTIVE,,52.378235,4.8990991,ChIJOz03mrcJxkcRHtCdiznxuGw,STABLE
1!1ed6a80b463a492fa1d9f11746acaa640009d725,"JCD-ASD1012-054 Stationsplein",ACTIVE,,52.3781252,4.899162,ChIJOz03mrcJxkcRHtCdiznxuGw,STABLE
1!1ed6a80b463a492fa1d9f11746acaa640009d789,"JCD-ASD1011-008 Prins Hendrikkade t/o nr. 108-114",ACTIVE,,52.3744668,4.9045236,ChIJo8KRS7oJxkcRhMHFq4p93d8,STABLE
1!1ed6a80b463a492fa1d9f11746acaa640009d7ed,"JCD-ASD1012-117 Stationsplein (west)",ACTIVE,,52.378182699999996,4.8993823999999995,ChIJOz03mrcJxkcRHtCdiznxuGw,STABLE
1!1ed6a80b463a492fa1d9f11746acaa640009d851,"JCD-ASD1012-042 Stationsplein (west)",ACTIVE,,52.378166699999994,4.8993209,ChIJOz03mrcJxkcRHtCdiznxuGw,STABLE
1!1ed6a80b463a492fa1d9f11746acaa640009daa9,"JCD-ASD1011-038 Prins Hendrikkade t/o nr 112-114",ACTIVE,,52.3745105,4.9044512,ChIJo8KRS7oJxkcRhMHFq4p93d8,STABLE
1!1ed6a80b463a492fa1d9f11746acaa640009e2dd,"JCD-ASD1016-010 Elandsgracht t/o nr. 117",ACTIVE,,52.368641,4.8772269999999995,ChIJfU1clN0JxkcRgFJd-YdaBVI,STABLE
1!1ed6a80b463a492fa1d9f11746acaa640009e341,"JCD-ASD1016-015 Rozengracht nr. 229",ACTIVE,,52.372360699999994,4.876725599999999,ChIJ8f-JC9wJxkcRzVtKdGzAa-M,STABLE
1!1ed6a80b463a492fa1d9f11746acaa640009e3a5,"JCD-ASD1011-041 Muiderstraat t/o 6",ACTIVE,,52.3676557,4.9060169,ChIJEyIIEr0JxkcR3H-XSp7qgs0,STABLE
1!1ed6a80b463a492fa1d9f11746acaa640009e409,"JCD-ASD1011-042 Muiderstraat",ACTIVE,,52.367856499999995,4.9058811,ChIJEyIIEr0JxkcR3H-XSp7qgs0,STABLE
1!1ed6a80b463a492fa1d9f11746acaa640009e46d,"JCD-ASD1012-049 Stationsplein",ACTIVE,,52.3778745,4.9010415,ChIJXxPjZbcJxkcRNqk0ZCMmYPM,STABLE
1!1ed6a80b463a492fa1d9f11746acaa640009e535,"JCD-ASD1013-018 Haarlemmerplein t/o nr. 78-80",ACTIVE,,52.385013199999996,4.8835052,ChIJK0wobNIJxkcRTTrvDq-rcJU,STABLE
1!1ed6a80b463a492fa1d9f11746acaa640009e599,"JCD-ASD1011-014 Muiderstraat nr. 1 t/m 9",ACTIVE,,52.3679351,4.9057164,ChIJEyIIEr0JxkcR3H-XSp7qgs0,STABLE
1!1ed6a80b463a492fa1d9f11746acaa640009e5fd,"JCD-ASD1011-015 Muiderstraat nr. 4",ACTIVE,,52.3675835,4.9062034,ChIJEyIIEr0JxkcR3H-XSp7qgs0,STABLE
1!1ed6a80b463a492fa1d9f11746acaa640009e661,"JCD-ASD1018-047 Sarphatistraat",ACTIVE,,52.363875799999995,4.919191100000001,ChIJjVCzx58JxkcRi7tLT0z5z50,STABLE
1!1ed6a80b463a492fa1d9f11746acaa640009e6c5,"JCD-ASD1015-015 Marnixstraat t/o nr. 111",ACTIVE,,52.381267799999996,4.8807792,ChIJi-gCptEJxkcRFyozjfJzL3A,STABLE
1!1ed6a80b463a492fa1d9f11746acaa641dcd6565,"JCD_NL00001-01_iBeacon",ACTIVE,,,,undefined,MOBILE
3!88a09a8df53b5571762c00000010694b,"JCD_Abri_AB07553-1:Shelter adcase left",ACTIVE,0,52.3692995,4.8892468,undefined,STABLE
3!88a09a8df53b5571762c0000001085e3,"JCD_Abri_AB08285-1:Shelter adcase left",ACTIVE,0,52.378235,4.8990991,undefined,STABLE
3!88a09a8df53b5571762c0000001085ed,"JCD_Abri_AB08286-1:Shelter adcase left",ACTIVE,0,52.3781252,4.899162,undefined,STABLE
3!88a09a8df53b5571762c000000108601,"JCD_Abri_AB08288-1:Shelter adcase left",ACTIVE,0,52.378182699999996,4.8993823999999995,undefined,STABLE
3!88a09a8df53b5571762c00000010860b,"JCD_Abri_AB08289-1:Shelter adcase left",ACTIVE,0,52.378166699999994,4.8993209,undefined,STABLE
3!88a09a8df53b5571762c0000001087af,"JCD_Abri_AB08331-1:Shelter adcase left",ACTIVE,0,52.378141299999996,4.8992493,undefined,STABLE
3!88a09a8df53b5571762c000000108e2b,"JCD_Abri_AB08497-1:Shelter adcase left",ACTIVE,0,52.3691647,4.8893562,undefined,STABLE
3!88a09a8df53b5571762c000000108f4d,"JCD_Abri_AB08526-1:Shelter adcase left",ACTIVE,0,52.3693095,4.8893648999999995,undefined,STABLE
3!88a09a8df53b5571762c000000109817,"JCD_Abri_AB08751-1:Shelter adcase left",ACTIVE,0,52.3782703,4.899253,undefined,STABLE
3!88a09a8df53b5571762c000000109818,"JCD_Abri_AB08751-2:Shelter adcase right",ACTIVE,0,52.3782703,4.899253,undefined,STABLE
3!88a09a8df53b5571762c000000109821,"JCD_Abri_AB08752-1:Shelter adcase left",ACTIVE,0,52.378260499999996,4.8991811,undefined,STABLE
3!88a09a8df53b5571762c000000109822,"JCD_Abri_AB08752-2:Shelter adcase right",ACTIVE,0,52.378260499999996,4.8991811,undefined,STABLE
3!88a09a8df53b5571762c000000109989,"JCD_Abri_AB08788-1:Shelter adcase left",ACTIVE,0,52.3659933,4.886435,undefined,STABLE
3!88a09a8df53b5571762c000000109993,"JCD_Abri_AB08789-1:Shelter adcase left",ACTIVE,0,52.3659338,4.8865128,undefined,STABLE
3!88a09a8df53b5571762c000000109de9,"JCD_Abri_AB08900-1:Shelter adcase left",ACTIVE,0,52.3782894,4.8993144,undefined,STABLE
3!88a09a8df53b5571762c000000109dea,"JCD_Abri_AB08900-2:Shelter adcase right",ACTIVE,0,52.3782894,4.8993144,undefined,STABLE
3!88a09a8df53b5571762c00000010a25d,"JCD_Abri_AB09014-1:Shelter adcase left",ACTIVE,0,52.373562199999995,4.893581999999999,undefined,STABLE
3!88a09a8df53b5571762c00000010a25e,"JCD_Abri_AB09014-2:Shelter adcase right",ACTIVE,0,52.37349340000001,4.893537600000001,undefined,STABLE
3!88a09a8df53b5571762c00000010a267,"JCD_Abri_AB09015-1:Shelter adcase left",ACTIVE,0,52.373619999999995,4.893710899999999,undefined,STABLE
3!88a09a8df53b5571762c00000010a268,"JCD_Abri_AB09015-2:Shelter adcase right",ACTIVE,0,52.373619999999995,4.893710899999999,undefined,STABLE
3!88a09a8df53b5571762c00000010c869,"JCD_Abri_AB09988-1:Shelter adcase left",ACTIVE,0,52.3695503,4.8920848999999995,undefined,STABLE
3!88a09a8df53b5571762c00000010c86a,"JCD_Abri_AB09988-2:Shelter adcase right",ACTIVE,0,52.3695503,4.8920848999999995,undefined,STABLE
3!88a09a8df53b5571762c000000110001,"GVB Veer 1:Outer deck "front-side"",ACTIVE,0,48.8968318,-1.0864449,undefined,ROVING
3!88a09a8df53b5571762c000000110002,"GVB Veer 1:Inner deck (pedestrians)",ACTIVE,0,,,undefined,ROVING
3!88a09a8df53b5571762c000000110003,"GVB Veer 1:Outer deck "back side"",ACTIVE,0,,,undefined,ROVING
3!88a09a8df53b5571762c000000110004,"GVB Veer 1:Inner deck (Bicycles)",ACTIVE,0,,,undefined,ROVING
3!88a09a8df53b5571762c000000120001,"Veerhalte CS (naar NDSM, paal #4):Information display, pole 4",ACTIVE,0,52.380860000000006,4.8991299999999995,undefined,STABLE
3!88a09a8df53b5571762c000000120002,"Veerhalte CS (naar Buiksloterweg, paal #3):Information display, pole 3",ACTIVE,0,52.380779999999994,4.89931,undefined,STABLE
3!88a09a8df53b5571762c000001010001,"GVB - Bus - Single Bus, 1 beacon:Center of the bus",ACTIVE,0,,,undefined,ROVING
3!88a09a8df53b5571762c000001020001,"GVB - Bus - Single Bus, 2 beacons:Front side of the bus",ACTIVE,0,,,undefined,ROVING
3!88a09a8df53b5571762c000001020002,"GVB - Bus - Single Bus, 2 beacons:Back side of the bus",ACTIVE,0,,,undefined,ROVING
3!88a09a8df53b5571762c000001030001,"GVB - Bus - Double bus, 2 beacons:Middle of first compartiment of the bus",ACTIVE,0,,,undefined,ROVING
3!88a09a8df53b5571762c000001030002,"GVB - Bus - Double bus, 2 beacons:Middle of last compartiment of the bus",ACTIVE,0,,,undefined,ROVING
3!88a09a8df53b5571762c000001040001,"GVB - Bus - Double bus, 3 beacons:Front side of first compartment the bus",ACTIVE,0,,,undefined,ROVING
3!88a09a8df53b5571762c000001040002,"GVB - Bus - Double bus, 3 beacons:Back side of first compartment of the bus",ACTIVE,0,,,undefined,ROVING
3!88a09a8df53b5571762c000001040003,"GVB - Bus - Double bus, 3 beacons:Middle of the last compartiment of the bus",ACTIVE,0,,,undefined,ROVING
3!88a09a8df53b5571762c000001050001,"GVB - Bus - Double bus, 4 beacons:Front side of first compartment the bus",ACTIVE,0,,,undefined,ROVING
3!88a09a8df53b5571762c000001050002,"GVB - Bus - Double bus, 4 beacons:Back side of first compartment of the bus",ACTIVE,0,,,undefined,ROVING
3!88a09a8df53b5571762c000001050003,"GVB - Bus - Double bus, 4 beacons:Front side of last compartment the bus",ACTIVE,0,,,undefined,ROVING
3!88a09a8df53b5571762c000001050004,"GVB - Bus - Double bus, 4 beacons:Back side of last compartment of the bus",ACTIVE,0,,,undefined,ROVING
3!88a09a8df53b5571762c000002010001,"GVB - Tram - 2 beacons:Next to door at the front, next to driver",ACTIVE,0,,,undefined,ROVING
3!88a09a8df53b5571762c000002010002,"GVB - Tram - 2 beacons:Middle of the tram, In conductor booth, above door",ACTIVE,0,,,undefined,ROVING
3!88a09a8df53b5571762c000002020001,"GVB - Tram - 3 beacons:Next to door at the front, next to driver",ACTIVE,0,,,undefined,ROVING
3!88a09a8df53b5571762c000002020002,"GVB - Tram - 3 beacons:Middle of the tram, In conductor booth, above door",ACTIVE,0,,,undefined,ROVING
3!88a09a8df53b5571762c000002030001,"GVB - Tram - 5 beacons:First compartiment, next to first 'harmonica'",ACTIVE,0,,,undefined,ROVING
3!88a09a8df53b5571762c000002030002,"GVB - Tram - 5 beacons:Third compartiment, just after secomd 'harmonica'",ACTIVE,0,,,undefined,ROVING
3!88a09a8df53b5571762c000002030003,"GVB - Tram - 5 beacons:Middle of the tram, In conductor booth, above door",ACTIVE,0,,,undefined,ROVING
3!88a09a8df53b5571762c000002030004,"GVB - Tram - 5 beacons:Back of the tram, next to back door",ACTIVE,0,,,undefined,ROVING
3!88a09a8df53b5571762c000003010001,"GVB - Metrostation Weesperplein - richting CS:Front side of the platform",ACTIVE,-2,52.3616181,4.907839,undefined,STABLE
3!88a09a8df53b5571762c000003010002,"GVB - Metrostation Weesperplein - richting CS:Front side of the platform",ACTIVE,-2,52.361472799999994,4.9079375999999995,undefined,STABLE
3!88a09a8df53b5571762c000003010003,"GVB - Metrostation Weesperplein - richting CS:Middle of the platform",ACTIVE,-2,52.3613266,4.908040199999999,undefined,STABLE
3!88a09a8df53b5571762c000003010004,"GVB - Metrostation Weesperplein - richting CS:Middle of the platform, near entrance/exit",ACTIVE,-2,52.3611775,4.9081394,undefined,STABLE
3!88a09a8df53b5571762c000003010005,"GVB - Metrostation Weesperplein - richting CS:Back side of the platform",ACTIVE,-2,52.3610202,4.9082359,undefined,STABLE
3!88a09a8df53b5571762c000003010006,"GVB - Metrostation Weesperplein - richting CS:Back side of the platform",ACTIVE,-2,52.3608335,4.9083245,undefined,STABLE
3!88a09a8df53b5571762c000003020001,"GVB - Metrostation Weesperplein - richting Amstel:Front side of the platform",ACTIVE,-2,52.360785199999995,4.908075,undefined,STABLE
3!88a09a8df53b5571762c000003020002,"GVB - Metrostation Weesperplein - richting Amstel:Front side of the platform",ACTIVE,-2,52.360983399999995,4.9079691,undefined,STABLE
3!88a09a8df53b5571762c000003020003,"GVB - Metrostation Weesperplein - richting Amstel:Middle of the platform",ACTIVE,-2,52.361141499999995,4.9078538,undefined,STABLE
3!88a09a8df53b5571762c000003020004,"GVB - Metrostation Weesperplein - richting Amstel:Middle of the platform, near entrance/exit",ACTIVE,-2,52.3612864,4.9077733,undefined,STABLE
3!88a09a8df53b5571762c000003020005,"GVB - Metrostation Weesperplein - richting Amstel:Back side of the platform",ACTIVE,-2,52.3614367,4.9076948,undefined,STABLE
3!88a09a8df53b5571762c000003020006,"GVB - Metrostation Weesperplein - richting Amstel:Back side of the platform",ACTIVE,-2,52.361579600000006,4.9076124,undefined,STABLE
3!88a09a8df53b5571762c000003030001,"GVB - Metrostation Nieuwmarkt - richting CS:Middle of the platform, closest to entrance/exit",ACTIVE,-2,52.3717117,4.9016646,undefined,STABLE
3!88a09a8df53b5571762c000003030002,"GVB - Metrostation Nieuwmarkt - richting CS:Middle of the platform",ACTIVE,-2,52.3716102,4.9016377,undefined,STABLE
3!88a09a8df53b5571762c000003030003,"GVB - Metrostation Nieuwmarkt - richting CS:Middle of the platform",ACTIVE,-2,52.3715021,4.9016136,undefined,STABLE
3!88a09a8df53b5571762c000003040001,"GVB - Metrostation Nieuwmarkt - richting Amstel:Middle of the platform",ACTIVE,-2,52.3714808,4.9014124,undefined,STABLE
3!88a09a8df53b5571762c000003040002,"GVB - Metrostation Nieuwmarkt - richting Amstel:Middle of the platform",ACTIVE,-2,52.3716004,4.9014446000000005,undefined,STABLE
3!88a09a8df53b5571762c000003040003,"GVB - Metrostation Nieuwmarkt - richting Amstel:Middle of the platform, closest to entrance/exit",ACTIVE,-2,52.371710099999994,4.901476800000001,undefined,STABLE
3!88a09a8df53b5571762c000003050001,"GVB - Metrostation VD Madeweg - richting CS (50/54) (binnen):First side of the platform, near entrance/exit",ACTIVE,0,52.3296481,4.9305487,undefined,STABLE
3!88a09a8df53b5571762c000003050002,"GVB - Metrostation VD Madeweg - richting CS (50/54) (binnen):First side of the platform",ACTIVE,0,52.3297053,4.9304916,undefined,STABLE
3!88a09a8df53b5571762c000003050003,"GVB - Metrostation VD Madeweg - richting CS (50/54) (binnen):Middle of the platform",ACTIVE,0,52.329760799999995,4.9304407999999995,undefined,STABLE
3!88a09a8df53b5571762c000003050004,"GVB - Metrostation VD Madeweg - richting CS (50/54) (buiten):Outside, far side of the platform",ACTIVE,0,52.330237999999994,4.929987,undefined,STABLE
3!88a09a8df53b5571762c000003050005,"GVB - Metrostation VD Madeweg - richting CS (50/54) (buiten):Outside, far side of the platform",ACTIVE,0,52.330073999999996,4.93013,undefined,STABLE
3!88a09a8df53b5571762c000003060001,"GVB - Metrostation VD Madeweg - richting CS (53) (binnen):Middle of the platform",ACTIVE,0,52.3296307,4.9304133,undefined,STABLE
3!88a09a8df53b5571762c000003060002,"GVB - Metrostation VD Madeweg - richting CS (53) (binnen):First side of the platform",ACTIVE,0,52.3296858,4.930363300000001,undefined,STABLE
3!88a09a8df53b5571762c000003060003,"GVB - Metrostation VD Madeweg - richting CS (53) (binnen):First side of the platform, near entrance/exit",ACTIVE,0,52.329742599999996,4.9303102,undefined,STABLE
3!88a09a8df53b5571762c000003060004,"GVB - Metrostation VD Madeweg - richting CS (53) (buiten):Outside, far side of the platform",ACTIVE,0,52.330192999999994,4.929905,undefined,STABLE
3!88a09a8df53b5571762c000003060005,"GVB - Metrostation VD Madeweg - richting CS (53) (buiten):Outside, far side of the platform",ACTIVE,0,52.330044,4.9300429999999995,undefined,STABLE
3!88a09a8df53b5571762c000004010001,"GVB - Metro M5 - 2x2 beacons:Front side of first compartiment",ACTIVE,undefined,,,undefined,ROVING
3!88a09a8df53b5571762c000004010002,"GVB - Metro M5 - 2x2 beacons:Back side of first compartiment",ACTIVE,undefined,,,undefined,ROVING
3!88a09a8df53b5571762c000004010003,"GVB - Metro M5 - 2x2 beacons:Front side of second compartiment",ACTIVE,undefined,,,undefined,ROVING
3!88a09a8df53b5571762c000004010004,"GVB - Metro M5 - 2x2 beacons:Back side of second compartiment",ACTIVE,undefined,,,undefined,ROVING
3!88a09a8df53b5571762c000004020001,"GVB - Metro M5 - 4x1 beacon:Middle of first compartiment",ACTIVE,undefined,,,undefined,ROVING
3!88a09a8df53b5571762c000004020002,"GVB - Metro M5 - 4x1 beacon:Middle of second compartiment",ACTIVE,undefined,,,undefined,ROVING
3!88a09a8df53b5571762c000004020003,"GVB - Metro M5 - 4x1 beacon:Middle of third compartiment",ACTIVE,undefined,,,undefined,ROVING
3!88a09a8df53b5571762c000004020004,"GVB - Metro M5 - 4x1 beacon:Middle of fourth compartiment",ACTIVE,undefined,,,undefined,ROVING
3!88a09a8df53b5571762c000004030001,"GVB - Metro M5 - 2x1 beacon:Middle of the first compartiment",ACTIVE,undefined,,,undefined,ROVING
3!88a09a8df53b5571762c000004030002,"GVB - Metro M5 - 2x1 beacon:Middle of the third compartiment",ACTIVE,undefined,,,undefined,ROVING
3!88a09a8df53b5571762c000004040001,"GVB - Metro S1 - 2x2 beacons:Front side of first compartiment",ACTIVE,undefined,,,undefined,ROVING
3!88a09a8df53b5571762c000004040002,"GVB - Metro S1 - 2x2 beacons:Back side of first compartiment",ACTIVE,undefined,,,undefined,ROVING
3!88a09a8df53b5571762c000004040003,"GVB - Metro S1 - 2x2 beacons:Front side of second compartiment",ACTIVE,undefined,,,undefined,ROVING
3!88a09a8df53b5571762c000004040004,"GVB - Metro S1 - 2x2 beacons:Back side of second compartiment",ACTIVE,undefined,,,undefined,ROVING
3!88a09a8df53b5571762c000004050001,"GVB - Metro S1 - 2x1 beacon:Middle of the first compartiment",ACTIVE,undefined,,,undefined,ROVING
3!88a09a8df53b5571762c000004050002,"GVB - Metro S1 - 2x1 beacon:Middle of the second compartiment",ACTIVE,undefined,,,undefined,ROVING
3!88a09a8df53b5571762c000004060001,"GVB - Metro S1 - 2x2 + 2x1 beacon (low):Front side of first compartiment",ACTIVE,undefined,,,undefined,ROVING
3!88a09a8df53b5571762c000004060002,"GVB - Metro S1 - 2x2 + 2x1 beacon (low):Back side of first compartiment",ACTIVE,undefined,,,undefined,ROVING
3!88a09a8df53b5571762c000004060003,"GVB - Metro S1 - 2x2 + 2x1 beacon (low):Front side of second compartiment",ACTIVE,undefined,,,undefined,ROVING
3!88a09a8df53b5571762c000004060004,"GVB - Metro S1 - 2x2 + 2x1 beacon (low):Back side of second compartiment",ACTIVE,undefined,,,undefined,ROVING
3!88a09a8df53b5571762c000004060005,"GVB - Metro S1 - 2x2 + 2x1 beacon (high):Middle of the first compartiment",ACTIVE,undefined,,,undefined,ROVING
3!88a09a8df53b5571762c000004060006,"GVB - Metro S1 - 2x2 + 2x1 beacon (high):Middle of the second compartiment",ACTIVE,undefined,,,undefined,ROVING
3!88a09a8df53b5571762c00001dcd6565,"JCD_NL00001-01_Eddystone UID",ACTIVE,,52.3368895,4.932676799999999,undefined,STABLE
